{
"type": "FeatureCollection",
"name": "FCPS_Sites",
"crs": { "type": "name", "properties": { "name": "urn:ogc:def:crs:OGC:1.3:CRS84" } },
"features": [
{ "type": "Feature", "properties": { "RFP ID": 1, "FCPS_School ID": 305, "School": "ALDRIN ES", "Other names": null, "School Type": "Elementary Schools", "RFP": "Base Scope", "Region": 1, "Year Opened": "1994", "Building SF": " 97,436 ", "Acreage": "13.69", "NCES School ID": "510126000767", "State School ID": "VA-029-0292203", "NCES District ID": "5101260", "State District ID": "VA-029", "NCES School Name": "Aldrin Elementary", "NCES Street Address": "11375 Center Harbor Rd", "NCES City": "Reston", "NCES State": "VA", "NCES ZIP": "20194", "Latitude": 38.9799546, "Longitude": -77.3378266, "FCPS Notes (Per Leanna's Email on 2\/20\/2026)": null, "field_23": null, "field_24": null }, "geometry": { "type": "Point", "coordinates": [ -77.3378266, 38.9799546 ] } },
{ "type": "Feature", "properties": { "RFP ID": 2, "FCPS_School ID": 140, "School": "ANNANDALE HS", "Other names": null, "School Type": "High Schools", "RFP": "Base Scope", "Region": 6, "Year Opened": "1954", "Building SF": " 324,589 ", "Acreage": "28.04", "NCES School ID": "510126000423", "State School ID": "VA-029-0290660", "NCES District ID": "5101260", "State District ID": "VA-029", "NCES School Name": "Annandale High", "NCES Street Address": "4700 Medford Dr", "NCES City": "Annandale", "NCES State": "VA", "NCES ZIP": "22003", "Latitude": 38.8222079, "Longitude": -77.2096174, "FCPS Notes (Per Leanna's Email on 2\/20\/2026)": null, "field_23": null, "field_24": null }, "geometry": { "type": "Point", "coordinates": [ -77.2096174, 38.8222079 ] } },
{ "type": "Feature", "properties": { "RFP ID": 5, "FCPS_School ID": 103, "School": "BAILEY’S ES", "Other names": null, "School Type": "Elementary Schools", "RFP": "Base Scope", "Region": 2, "Year Opened": "1952", "Building SF": " 107,670 ", "Acreage": "9.54", "NCES School ID": "510126000426", "State School ID": "VA-029-0290550", "NCES District ID": "5101260", "State District ID": "VA-029", "NCES School Name": "Bailey's Elementary School for the Arts and Sciences", "NCES Street Address": "6111 Knollwood Dr", "NCES City": "Falls Church", "NCES State": "VA", "NCES ZIP": "22041", "Latitude": 38.8522061, "Longitude": -77.1454605, "FCPS Notes (Per Leanna's Email on 2\/20\/2026)": null, "field_23": null, "field_24": null }, "geometry": { "type": "Point", "coordinates": [ -77.1454605, 38.8522061 ] } },
{ "type": "Feature", "properties": { "RFP ID": 6, "FCPS_School ID": 107, "School": "BAILEY’S UPPER ES", "Other names": null, "School Type": "Elementary Schools", "RFP": "Base Scope", "Region": 2, "Year Opened": "1952, 2014", "Building SF": " 101,866 ", "Acreage": "3.41", "NCES School ID": "510126003033", "State School ID": "VA-029-0292459", "NCES District ID": "5101260", "State District ID": "VA-029", "NCES School Name": "Bailey's Upper Elementary School for the Arts and Sciences", "NCES Street Address": "6245 Leesburg Pike", "NCES City": "Falls Church", "NCES State": "VA", "NCES ZIP": "22044", "Latitude": 38.8683264, "Longitude": -77.1535044, "FCPS Notes (Per Leanna's Email on 2\/20\/2026)": null, "field_23": null, "field_24": null }, "geometry": { "type": "Point", "coordinates": [ -77.1535044, 38.8683264 ] } },
{ "type": "Feature", "properties": { "RFP ID": 7, "FCPS_School ID": 96, "School": "BEECH TREE ES", "Other names": null, "School Type": "Elementary Schools", "RFP": "Base Scope", "Region": 2, "Year Opened": "1968", "Building SF": " 70,408 ", "Acreage": "9.9", "NCES School ID": "510126000428", "State School ID": "VA-029-0291730", "NCES District ID": "5101260", "State District ID": "VA-029", "NCES School Name": "Beech Tree Elementary", "NCES Street Address": "3401 Beechtree Ln", "NCES City": "Falls Church", "NCES State": "VA", "NCES ZIP": "22042", "Latitude": 38.8528131, "Longitude": -77.1812273, "FCPS Notes (Per Leanna's Email on 2\/20\/2026)": null, "field_23": null, "field_24": null }, "geometry": { "type": "Point", "coordinates": [ -77.1812273, 38.8528131 ] } },
{ "type": "Feature", "properties": { "RFP ID": 9, "FCPS_School ID": 456, "School": "BELVEDERE ES", "Other names": null, "School Type": "Elementary Schools", "RFP": "Base Scope", "Region": 2, "Year Opened": "1954", "Building SF": " 76,970 ", "Acreage": "10.93", "NCES School ID": "510126000061", "State School ID": "VA-029-0290720", "NCES District ID": "5101260", "State District ID": "VA-029", "NCES School Name": "Belvedere Elementary", "NCES Street Address": "6540 Columbia Pike", "NCES City": "Falls Church", "NCES State": "VA", "NCES ZIP": "22041", "Latitude": 38.8385965, "Longitude": -77.1690067, "FCPS Notes (Per Leanna's Email on 2\/20\/2026)": null, "field_23": null, "field_24": null }, "geometry": { "type": "Point", "coordinates": [ -77.1690067, 38.8385965 ] } },
{ "type": "Feature", "properties": { "RFP ID": 14, "FCPS_School ID": 230, "School": "BRYANT HS", "Other names": null, "School Type": "High Schools", "RFP": "Base Scope", "Region": 3, "Year Opened": "1960", "Building SF": " 155,708 ", "Acreage": "23.78", "NCES School ID": "510126000497", "State School ID": "VA-029-0292201", "NCES District ID": "5101260", "State District ID": "VA-029", "NCES School Name": "Bryant High", "NCES Street Address": "2709 Popkins Ln", "NCES City": "Alexandria", "NCES State": "VA", "NCES ZIP": "22306", "Latitude": 38.7627506, "Longitude": -77.0801899, "FCPS Notes (Per Leanna's Email on 2\/20\/2026)": null, "field_23": null, "field_24": null }, "geometry": { "type": "Point", "coordinates": [ -77.0801899, 38.7627506 ] } },
{ "type": "Feature", "properties": { "RFP ID": 16, "FCPS_School ID": 437, "School": "BULL RUN ES", "Other names": null, "School Type": "Elementary Schools", "RFP": "Base Scope", "Region": 4, "Year Opened": "1999", "Building SF": " 98,590 ", "Acreage": "40.77", "NCES School ID": "510126001904", "State School ID": "VA-029-0292225", "NCES District ID": "5101260", "State District ID": "VA-029", "NCES School Name": "Bull Run Elementary", "NCES Street Address": "15301 Lee Hwy", "NCES City": "Centreville", "NCES State": "VA", "NCES ZIP": "20121", "Latitude": 38.8283824, "Longitude": -77.4746305, "FCPS Notes (Per Leanna's Email on 2\/20\/2026)": "Note: this should include the Early Childhood Admin Trailers", "field_23": null, "field_24": null }, "geometry": { "type": "Point", "coordinates": [ -77.4746305, 38.8283824 ] } },
{ "type": "Feature", "properties": { "RFP ID": 17, "FCPS_School ID": 542, "School": "BURKE SCHOOL", "Other names": null, "School Type": "Other", "RFP": "Base Scope", "Region": 4, "Year Opened": "1939", "Building SF": " 37,609 ", "Acreage": "10.87", "NCES School ID": "510126002032", "State School ID": "VA-029-0290310", "NCES District ID": "5101260", "State District ID": "VA-029", "NCES School Name": "Burke School", "NCES Street Address": "9645 Burke Lake Rd", "NCES City": "Burke", "NCES State": "VA", "NCES ZIP": "22015", "Latitude": 38.783736, "Longitude": -77.277936, "FCPS Notes (Per Leanna's Email on 2\/20\/2026)": null, "field_23": null, "field_24": null }, "geometry": { "type": "Point", "coordinates": [ -77.277936, 38.783736 ] } },
{ "type": "Feature", "properties": { "RFP ID": 18, "FCPS_School ID": 123, "School": "BUSH HILL ES", "Other names": null, "School Type": "Elementary Schools", "RFP": "Base Scope", "Region": 3, "Year Opened": "1954", "Building SF": " 71,700 ", "Acreage": "11.03", "NCES School ID": "510126000438", "State School ID": "VA-029-0290680", "NCES District ID": "5101260", "State District ID": "VA-029", "NCES School Name": "Bush Hill Elementary", "NCES Street Address": "5927 Westchester St", "NCES City": "Alexandria", "NCES State": "VA", "NCES ZIP": "22310", "Latitude": 38.7905385, "Longitude": -77.1244267, "FCPS Notes (Per Leanna's Email on 2\/20\/2026)": null, "field_23": null, "field_24": null }, "geometry": { "type": "Point", "coordinates": [ -77.1244267, 38.7905385 ] } },
{ "type": "Feature", "properties": { "RFP ID": 19, "FCPS_School ID": 86, "School": "CAMELOT ES", "Other names": null, "School Type": "Elementary Schools", "RFP": "Base Scope", "Region": 2, "Year Opened": "1969", "Building SF": " 89,591 ", "Acreage": "10", "NCES School ID": "510126000439", "State School ID": "VA-029-0291940", "NCES District ID": "5101260", "State District ID": "VA-029", "NCES School Name": "Camelot Elementary", "NCES Street Address": "8100 Guinevere Dr", "NCES City": "Annandale", "NCES State": "VA", "NCES ZIP": "22003", "Latitude": 38.8485978, "Longitude": -77.2243488, "FCPS Notes (Per Leanna's Email on 2\/20\/2026)": null, "field_23": null, "field_24": null }, "geometry": { "type": "Point", "coordinates": [ -77.2243488, 38.8485978 ] } },
{ "type": "Feature", "properties": { "RFP ID": 20, "FCPS_School ID": 192, "School": "CAMERON ES", "Other names": null, "School Type": "Elementary Schools", "RFP": "Base Scope", "Region": 3, "Year Opened": "1953", "Building SF": " 82,274 ", "Acreage": "8", "NCES School ID": "510126000440", "State School ID": "VA-029-0290620", "NCES District ID": "5101260", "State District ID": "VA-029", "NCES School Name": "Cameron Elementary", "NCES Street Address": "3434 Campbell Dr", "NCES City": "Alexandria", "NCES State": "VA", "NCES ZIP": "22303", "Latitude": 38.8003489, "Longitude": -77.0913406, "FCPS Notes (Per Leanna's Email on 2\/20\/2026)": null, "field_23": null, "field_24": null }, "geometry": { "type": "Point", "coordinates": [ -77.0913406, 38.8003489 ] } },
{ "type": "Feature", "properties": { "RFP ID": 21, "FCPS_School ID": 402, "School": "CANTERBURY WOODS ES", "Other names": null, "School Type": "Elementary Schools", "RFP": "Base Scope", "Region": 5, "Year Opened": "1965", "Building SF": " 89,744 ", "Acreage": "11.75", "NCES School ID": "510126000441", "State School ID": "VA-029-0291590", "NCES District ID": "5101260", "State District ID": "VA-029", "NCES School Name": "Canterbury Woods Elementary", "NCES Street Address": "4910 Willet Dr", "NCES City": "Annandale", "NCES State": "VA", "NCES ZIP": "22003", "Latitude": 38.8198688, "Longitude": -77.2494957, "FCPS Notes (Per Leanna's Email on 2\/20\/2026)": null, "field_23": null, "field_24": null }, "geometry": { "type": "Point", "coordinates": [ -77.2494957, 38.8198688 ] } },
{ "type": "Feature", "properties": { "RFP ID": 22, "FCPS_School ID": 154, "School": "CARDINAL FOREST ES", "Other names": null, "School Type": "Elementary Schools", "RFP": "Base Scope", "Region": 4, "Year Opened": "1966", "Building SF": " 81,275 ", "Acreage": "12.7", "NCES School ID": "510126000442", "State School ID": "VA-029-0291690", "NCES District ID": "5101260", "State District ID": "VA-029", "NCES School Name": "Cardinal Forest Elementary", "NCES Street Address": "8600 Forrester Blvd", "NCES City": "Springfield", "NCES State": "VA", "NCES ZIP": "22152", "Latitude": 38.7920546, "Longitude": -77.2403218, "FCPS Notes (Per Leanna's Email on 2\/20\/2026)": null, "field_23": null, "field_24": null }, "geometry": { "type": "Point", "coordinates": [ -77.2403218, 38.7920546 ] } },
{ "type": "Feature", "properties": { "RFP ID": 23, "FCPS_School ID": 171, "School": "CARSON MS", "Other names": null, "School Type": "Middle Schools", "RFP": "Base Scope", "Region": 1, "Year Opened": "1998", "Building SF": " 178,723 ", "Acreage": "32.94", "NCES School ID": "510126001756", "State School ID": "VA-029-0292222", "NCES District ID": "5101260", "State District ID": "VA-029", "NCES School Name": "Carson Middle", "NCES Street Address": "13618 McLearen Road", "NCES City": "Herndon", "NCES State": "VA", "NCES ZIP": "20171", "Latitude": 38.927187, "Longitude": -77.4189171, "FCPS Notes (Per Leanna's Email on 2\/20\/2026)": null, "field_23": null, "field_24": null }, "geometry": { "type": "Point", "coordinates": [ -77.4189171, 38.927187 ] } },
{ "type": "Feature", "properties": { "RFP ID": 24, "FCPS_School ID": 64, "School": "CEDAR LANE SCHOOL", "Other names": null, "School Type": "Other", "RFP": "Base Scope", "Region": 1, "Year Opened": "1956", "Building SF": " 47,020 ", "Acreage": "11", "NCES School ID": "510126001991", "State School ID": "VA-029-0290880", "NCES District ID": "5101260", "State District ID": "VA-029", "NCES School Name": "Cedar Lane School", "NCES Street Address": "101 Cedar Ln SW", "NCES City": "Vienna", "NCES State": "VA", "NCES ZIP": "22180", "Latitude": 38.8838409, "Longitude": -77.2454995, "FCPS Notes (Per Leanna's Email on 2\/20\/2026)": null, "field_23": null, "field_24": null }, "geometry": { "type": "Point", "coordinates": [ -77.2454995, 38.8838409 ] } },
{ "type": "Feature", "properties": { "RFP ID": 26, "FCPS_School ID": 433, "School": "CENTREVILLE ES", "Other names": null, "School Type": "Elementary Schools", "RFP": "Base Scope", "Region": 4, "Year Opened": "1994", "Building SF": " 98,625 ", "Acreage": "13.13", "NCES School ID": "510126000775", "State School ID": "VA-029-0292205", "NCES District ID": "5101260", "State District ID": "VA-029", "NCES School Name": "Centreville Elementary", "NCES Street Address": "14330 Green Trails Blvd", "NCES City": "Centreville", "NCES State": "VA", "NCES ZIP": "20121", "Latitude": 38.819772, "Longitude": -77.44082, "FCPS Notes (Per Leanna's Email on 2\/20\/2026)": null, "field_23": null, "field_24": null }, "geometry": { "type": "Point", "coordinates": [ -77.44082, 38.819772 ] } },
{ "type": "Feature", "properties": { "RFP ID": 28, "FCPS_School ID": 250, "School": "CHANTILLY HS", "Other names": null, "School Type": "High Schools", "RFP": "Base Scope", "Region": 5, "Year Opened": "1972", "Building SF": " 380,175 ", "Acreage": "35.01", "NCES School ID": "510126000059", "State School ID": "VA-029-0290131", "NCES District ID": "5101260", "State District ID": "VA-029", "NCES School Name": "Chantilly High", "NCES Street Address": "4201 Stringfellow Rd", "NCES City": "Chantilly", "NCES State": "VA", "NCES ZIP": "20151", "Latitude": 38.8787354, "Longitude": -77.4077974, "FCPS Notes (Per Leanna's Email on 2\/20\/2026)": null, "field_23": null, "field_24": null }, "geometry": { "type": "Point", "coordinates": [ -77.4077974, 38.8787354 ] } },
{ "type": "Feature", "properties": { "RFP ID": 30, "FCPS_School ID": 35, "School": "CHESTERBROOK ES", "Other names": null, "School Type": "Elementary Schools", "RFP": "Base Scope", "Region": 2, "Year Opened": "1926", "Building SF": " 82,431 ", "Acreage": "14.26", "NCES School ID": "510126000448", "State School ID": "VA-029-0290100", "NCES District ID": "5101260", "State District ID": "VA-029", "NCES School Name": "Chesterbrook Elementary", "NCES Street Address": "1753 Kirby Rd", "NCES City": "McLean", "NCES State": "VA", "NCES ZIP": "22101", "Latitude": 38.9184363, "Longitude": -77.1552242, "FCPS Notes (Per Leanna's Email on 2\/20\/2026)": null, "field_23": null, "field_24": null }, "geometry": { "type": "Point", "coordinates": [ -77.1552242, 38.9184363 ] } },
{ "type": "Feature", "properties": { "RFP ID": 31, "FCPS_School ID": 26, "School": "CHURCHILL ROAD ES", "Other names": null, "School Type": "Elementary Schools", "RFP": "Base Scope", "Region": 1, "Year Opened": "1958", "Building SF": " 68,008 ", "Acreage": "10", "NCES School ID": "510126000449", "State School ID": "VA-029-0291050", "NCES District ID": "5101260", "State District ID": "VA-029", "NCES School Name": "Churchill Road Elementary", "NCES Street Address": "7100 Churchill Rd", "NCES City": "McLean", "NCES State": "VA", "NCES ZIP": "22101", "Latitude": 38.9463723, "Longitude": -77.1893137, "FCPS Notes (Per Leanna's Email on 2\/20\/2026)": null, "field_23": null, "field_24": null }, "geometry": { "type": "Point", "coordinates": [ -77.1893137, 38.9463723 ] } },
{ "type": "Feature", "properties": { "RFP ID": 34, "FCPS_School ID": 285, "School": "COATES ES", "Other names": "Lutie Lewis Coates Elementary School", "School Type": "Elementary Schools", "RFP": "Base Scope", "Region": 5, "Year Opened": "2009", "Building SF": " 89,439 ", "Acreage": "14.38", "NCES School ID": "510126002800", "State School ID": "VA-029-0292347", "NCES District ID": "5101260", "State District ID": "VA-029", "NCES School Name": "Coates Elementary", "NCES Street Address": "2480 River Birch Rd.", "NCES City": "Herndon", "NCES State": "VA", "NCES ZIP": "20171", "Latitude": 38.9523166, "Longitude": -77.4196345, "FCPS Notes (Per Leanna's Email on 2\/20\/2026)": null, "field_23": null, "field_24": null }, "geometry": { "type": "Point", "coordinates": [ -77.4196345, 38.9523166 ] } },
{ "type": "Feature", "properties": { "RFP ID": 35, "FCPS_School ID": 455, "School": "COLUMBIA ES", "Other names": null, "School Type": "Elementary Schools", "RFP": "Base Scope", "Region": 6, "Year Opened": "1967", "Building SF": " 55,018 ", "Acreage": "10", "NCES School ID": "510126000452", "State School ID": "VA-029-0291510", "NCES District ID": "5101260", "State District ID": "VA-029", "NCES School Name": "Columbia Elementary", "NCES Street Address": "6720 Alpine Dr", "NCES City": "Annandale", "NCES State": "VA", "NCES ZIP": "22003", "Latitude": 38.8291082, "Longitude": -77.1761954, "FCPS Notes (Per Leanna's Email on 2\/20\/2026)": null, "field_23": null, "field_24": null }, "geometry": { "type": "Point", "coordinates": [ -77.1761954, 38.8291082 ] } },
{ "type": "Feature", "properties": { "RFP ID": 36, "FCPS_School ID": 17, "School": "COLVIN RUN ES", "Other names": null, "School Type": "Elementary Schools", "RFP": "Base Scope", "Region": 1, "Year Opened": "2003", "Building SF": " 98,590 ", "Acreage": "12.55", "NCES School ID": "510126002333", "State School ID": "VA-029-0292234", "NCES District ID": "5101260", "State District ID": "VA-029", "NCES School Name": "Colvin Run Elementary", "NCES Street Address": "1400 Trap Rd.", "NCES City": "Vienna", "NCES State": "VA", "NCES ZIP": "22182", "Latitude": 38.9469294, "Longitude": -77.2652996, "FCPS Notes (Per Leanna's Email on 2\/20\/2026)": null, "field_23": null, "field_24": null }, "geometry": { "type": "Point", "coordinates": [ -77.2652996, 38.9469294 ] } },
{ "type": "Feature", "properties": { "RFP ID": 37, "FCPS_School ID": 21, "School": "COOPER MS", "Other names": null, "School Type": "Middle Schools", "RFP": "Base Scope", "Region": 1, "Year Opened": "2003", "Building SF": " 98,590 ", "Acreage": "12.55", "NCES School ID": "510126000453", "State School ID": "VA-029-0291190", "NCES District ID": "5101260", "State District ID": "VA-029", "NCES School Name": "Cooper Middle", "NCES Street Address": "977 Balls Hill Rd", "NCES City": "McLean", "NCES State": "VA", "NCES ZIP": "22101", "Latitude": 38.9516464, "Longitude": -77.1920091, "FCPS Notes (Per Leanna's Email on 2\/20\/2026)": "Near Completed for Renovation; should be Alt #1", "field_23": null, "field_24": null }, "geometry": { "type": "Point", "coordinates": [ -77.1920091, 38.9516464 ] } },
{ "type": "Feature", "properties": { "RFP ID": 38, "FCPS_School ID": 166, "School": "CRESTWOOD ES", "Other names": null, "School Type": "Elementary Schools", "RFP": "Base Scope", "Region": 6, "Year Opened": "1955", "Building SF": " 74,887 ", "Acreage": "11.18", "NCES School ID": "510126000454", "State School ID": "VA-029-0290870", "NCES District ID": "5101260", "State District ID": "VA-029", "NCES School Name": "Crestwood Elementary", "NCES Street Address": "6010 Hanover Ave", "NCES City": "Springfield", "NCES State": "VA", "NCES ZIP": "22150", "Latitude": 38.7872835, "Longitude": -77.1948162, "FCPS Notes (Per Leanna's Email on 2\/20\/2026)": null, "field_23": null, "field_24": null }, "geometry": { "type": "Point", "coordinates": [ -77.1948162, 38.7872835 ] } },
{ "type": "Feature", "properties": { "RFP ID": 41, "FCPS_School ID": 66, "School": "CUNNINGHAM PARK ES", "Other names": null, "School Type": "Elementary Schools", "RFP": "Base Scope", "Region": 1, "Year Opened": "1967", "Building SF": " 69,842 ", "Acreage": "10.37", "NCES School ID": "510126000455", "State School ID": "VA-029-0291700", "NCES District ID": "5101260", "State District ID": "VA-029", "NCES School Name": "Cunningham Park Elementary", "NCES Street Address": "1001 Park St SE", "NCES City": "Vienna", "NCES State": "VA", "NCES ZIP": "22180", "Latitude": 38.8922015, "Longitude": -77.2499821, "FCPS Notes (Per Leanna's Email on 2\/20\/2026)": null, "field_23": null, "field_24": null }, "geometry": { "type": "Point", "coordinates": [ -77.2499821, 38.8922015 ] } },
{ "type": "Feature", "properties": { "RFP ID": 42, "FCPS_School ID": 397, "School": "DANIELS RUN ES*", "Other names": null, "School Type": "Elementary Schools", "RFP": "Base Scope", "Region": 5, "Year Opened": "1955", "Building SF": " 98,674 ", "Acreage": "13.7", "NCES School ID": "Not Found", "State School ID": "Not Found", "NCES District ID": "Not Found", "State District ID": "Not Found", "NCES School Name": "Not Found", "NCES Street Address": "Not Found", "NCES City": "Not Found", "NCES State": "Not Found", "NCES ZIP": "Not Found", "Latitude": 38.852231, "Longitude": -77.295741, "FCPS Notes (Per Leanna's Email on 2\/20\/2026)": null, "field_23": null, "field_24": null }, "geometry": { "type": "Point", "coordinates": [ -77.295741, 38.852231 ] } },
{ "type": "Feature", "properties": { "RFP ID": 43, "FCPS_School ID": 76, "School": "DAVIS CAREER CENTER", "Other names": null, "School Type": "Other", "RFP": "Base Scope", "Region": 5, "Year Opened": "---", "Building SF": " --- ", "Acreage": "---", "NCES School ID": "510126002008", "State School ID": "VA-029-0290450", "NCES District ID": "5101260", "State District ID": "VA-029", "NCES School Name": "Davis Career Center", "NCES Street Address": "7731 Leesburg Pike", "NCES City": "Falls Church", "NCES State": "VA", "NCES ZIP": "22043", "Latitude": 38.9066993, "Longitude": -77.2114802, "FCPS Notes (Per Leanna's Email on 2\/20\/2026)": null, "field_23": null, "field_24": null }, "geometry": { "type": "Point", "coordinates": [ -77.2114802, 38.9066993 ] } },
{ "type": "Feature", "properties": { "RFP ID": 44, "FCPS_School ID": 242, "School": "DEER PARK ES", "Other names": null, "School Type": "Elementary Schools", "RFP": "Base Scope", "Region": 5, "Year Opened": "1995", "Building SF": " 86,990 ", "Acreage": "10", "NCES School ID": "510126000768", "State School ID": "VA-029-0292204", "NCES District ID": "5101260", "State District ID": "VA-029", "NCES School Name": "Deer Park Elementary", "NCES Street Address": "15109 Carlbern Dr", "NCES City": "Centreville", "NCES State": "VA", "NCES ZIP": "20120", "Latitude": 38.8557414, "Longitude": -77.4712727, "FCPS Notes (Per Leanna's Email on 2\/20\/2026)": null, "field_23": null, "field_24": null }, "geometry": { "type": "Point", "coordinates": [ -77.4712727, 38.8557414 ] } },
{ "type": "Feature", "properties": { "RFP ID": 45, "FCPS_School ID": 336, "School": "DOGWOOD ES", "Other names": null, "School Type": "Elementary Schools", "RFP": "Base Scope", "Region": 1, "Year Opened": "1974, 2002", "Building SF": " 98,590 ", "Acreage": "14", "NCES School ID": "510126000458", "State School ID": "VA-029-0290220", "NCES District ID": "5101260", "State District ID": "VA-029", "NCES School Name": "Dogwood Elementary", "NCES Street Address": "12300 Glade Dr", "NCES City": "Reston", "NCES State": "VA", "NCES ZIP": "20191", "Latitude": 38.9431294, "Longitude": -77.3708437, "FCPS Notes (Per Leanna's Email on 2\/20\/2026)": null, "field_23": null, "field_24": null }, "geometry": { "type": "Point", "coordinates": [ -77.3708437, 38.9431294 ] } },
{ "type": "Feature", "properties": { "RFP ID": 48, "FCPS_School ID": 136, "School": "EAGLE VIEW ES", "Other names": null, "School Type": "Elementary Schools", "RFP": "Base Scope", "Region": 5, "Year Opened": "2006", "Building SF": " 98,590 ", "Acreage": "12.5", "NCES School ID": "510126002496", "State School ID": "VA-029-0292243", "NCES District ID": "5101260", "State District ID": "VA-029", "NCES School Name": "Eagle View Elementary", "NCES Street Address": "4500 Dixie Hill Road", "NCES City": "Fairfax", "NCES State": "VA", "NCES ZIP": "22030", "Latitude": 38.8513786, "Longitude": -77.3629673, "FCPS Notes (Per Leanna's Email on 2\/20\/2026)": null, "field_23": null, "field_24": null }, "geometry": { "type": "Point", "coordinates": [ -77.3629673, 38.8513786 ] } },
{ "type": "Feature", "properties": { "RFP ID": 49, "FCPS_School ID": 120, "School": "EDISON HS", "Other names": "Thomas Edison High School", "School Type": "High Schools", "RFP": "Base Scope", "Region": 3, "Year Opened": "1962", "Building SF": " 359,470 ", "Acreage": "43.48", "NCES School ID": "510126000461", "State School ID": "VA-029-0291270", "NCES District ID": "5101260", "State District ID": "VA-029", "NCES School Name": "Edison High", "NCES Street Address": "5801 Franconia Rd", "NCES City": "Alexandria", "NCES State": "VA", "NCES ZIP": "22310", "Latitude": 38.7823932, "Longitude": -77.1335957, "FCPS Notes (Per Leanna's Email on 2\/20\/2026)": null, "field_23": null, "field_24": null }, "geometry": { "type": "Point", "coordinates": [ -77.1335957, 38.7823932 ] } },
{ "type": "Feature", "properties": { "RFP ID": 51, "FCPS_School ID": 500, "School": "FAIRFAX HS*", "Other names": null, "School Type": "High Schools", "RFP": "Base Scope", "Region": 5, "Year Opened": "1972", "Building SF": " 426,194 ", "Acreage": "47.76", "NCES School ID": "Not Found", "State School ID": "Not Found", "NCES District ID": "Not Found", "State District ID": "Not Found", "NCES School Name": "Not Found", "NCES Street Address": "Not Found", "NCES City": "Not Found", "NCES State": "Not Found", "NCES ZIP": "Not Found", "Latitude": 38.8599249, "Longitude": -77.2861288, "FCPS Notes (Per Leanna's Email on 2\/20\/2026)": null, "field_23": null, "field_24": null }, "geometry": { "type": "Point", "coordinates": [ -77.2861288, 38.8599249 ] } },
{ "type": "Feature", "properties": { "RFP ID": 52, "FCPS_School ID": 173, "School": "FAIRFAX VILLA ES", "Other names": null, "School Type": "Elementary Schools", "RFP": "Base Scope", "Region": 5, "Year Opened": "1965", "Building SF": " 70,248 ", "Acreage": "11.55", "NCES School ID": "510004202383", "State School ID": "VA-901-9010008", "NCES District ID": "5100042", "State District ID": "VA-901", "NCES School Name": "Fairfax Juvenile Detention Home", "NCES Street Address": "10650 Page Ave.", "NCES City": "Fairfax", "NCES State": "VA", "NCES ZIP": "22030", "Latitude": 38.840062, "Longitude": -77.323528, "FCPS Notes (Per Leanna's Email on 2\/20\/2026)": null, "field_23": null, "field_24": null }, "geometry": { "type": "Point", "coordinates": [ -77.323528, 38.840062 ] } },
{ "type": "Feature", "properties": { "RFP ID": 53, "FCPS_School ID": 87, "School": "FAIRHILL ES", "Other names": null, "School Type": "Elementary Schools", "RFP": "Base Scope", "Region": 2, "Year Opened": "1965", "Building SF": " 74,478 ", "Acreage": "10.17", "NCES School ID": "510126000466", "State School ID": "VA-029-0291630", "NCES District ID": "5101260", "State District ID": "VA-029", "NCES School Name": "Fairhill Elementary", "NCES Street Address": "3001 Chichester Ln", "NCES City": "Fairfax", "NCES State": "VA", "NCES ZIP": "22031", "Latitude": 38.8698643, "Longitude": -77.2480589, "FCPS Notes (Per Leanna's Email on 2\/20\/2026)": null, "field_23": null, "field_24": null }, "geometry": { "type": "Point", "coordinates": [ -77.2480589, 38.8698643 ] } },
{ "type": "Feature", "properties": { "RFP ID": 54, "FCPS_School ID": 362, "School": "FAIRVIEW ES", "Other names": null, "School Type": "Elementary Schools", "RFP": "Base Scope", "Region": 4, "Year Opened": "1939", "Building SF": " 82,115 ", "Acreage": "14.36", "NCES School ID": "510126000467", "State School ID": "VA-029-0290290", "NCES District ID": "5101260", "State District ID": "VA-029", "NCES School Name": "Fairview Elementary", "NCES Street Address": "5815 Ox Rd", "NCES City": "Fairfax Station", "NCES State": "VA", "NCES ZIP": "22039", "Latitude": 38.797786, "Longitude": -77.324352, "FCPS Notes (Per Leanna's Email on 2\/20\/2026)": null, "field_23": null, "field_24": null }, "geometry": { "type": "Point", "coordinates": [ -77.324352, 38.797786 ] } },
{ "type": "Feature", "properties": { "RFP ID": 56, "FCPS_School ID": 90, "School": "FALLS CHURCH HS", "Other names": null, "School Type": "High Schools", "RFP": "Add Alt #2", "Region": 2, "Year Opened": "1967", "Building SF": " 306,713 ", "Acreage": "39.54", "NCES School ID": "510126000468", "State School ID": "VA-029-0291100", "NCES District ID": "5101260", "State District ID": "VA-029", "NCES School Name": "Falls Church High", "NCES Street Address": "7521 Jaguar Trail", "NCES City": "Falls Church", "NCES State": "VA", "NCES ZIP": "22042", "Latitude": 38.8617531, "Longitude": -77.2067427, "FCPS Notes (Per Leanna's Email on 2\/20\/2026)": "Currently in Renovation; should be Alt #1", "field_23": null, "field_24": null }, "geometry": { "type": "Point", "coordinates": [ -77.2067427, 38.8617531 ] } },
{ "type": "Feature", "properties": { "RFP ID": 57, "FCPS_School ID": 63, "School": "FLINT HILL ES", "Other names": null, "School Type": "Elementary Schools", "RFP": "Base Scope", "Region": 1, "Year Opened": "1955", "Building SF": " 74,770 ", "Acreage": "10", "NCES School ID": "510126000469", "State School ID": "VA-029-0290730", "NCES District ID": "5101260", "State District ID": "VA-029", "NCES School Name": "Flint Hill Elementary", "NCES Street Address": "2444 Flint Hill Rd", "NCES City": "Vienna", "NCES State": "VA", "NCES ZIP": "22181", "Latitude": 38.8964816, "Longitude": -77.2854106, "FCPS Notes (Per Leanna's Email on 2\/20\/2026)": null, "field_23": null, "field_24": null }, "geometry": { "type": "Point", "coordinates": [ -77.2854106, 38.8964816 ] } },
{ "type": "Feature", "properties": { "RFP ID": 58, "FCPS_School ID": 286, "School": "FLORIS ES", "Other names": null, "School Type": "Elementary Schools", "RFP": "Base Scope", "Region": 5, "Year Opened": "1955", "Building SF": " 82,811 ", "Acreage": "10", "NCES School ID": "510126000470", "State School ID": "VA-029-0290740", "NCES District ID": "5101260", "State District ID": "VA-029", "NCES School Name": "Floris Elementary", "NCES Street Address": "2708 Centreville Rd", "NCES City": "Herndon", "NCES State": "VA", "NCES ZIP": "20171", "Latitude": 38.9356972, "Longitude": -77.4144368, "FCPS Notes (Per Leanna's Email on 2\/20\/2026)": null, "field_23": null, "field_24": null }, "geometry": { "type": "Point", "coordinates": [ -77.4144368, 38.9356972 ] } },
{ "type": "Feature", "properties": { "RFP ID": 61, "FCPS_School ID": 302, "School": "FOREST EDGE ES", "Other names": null, "School Type": "Elementary Schools", "RFP": "Base Scope", "Region": 1, "Year Opened": "1971", "Building SF": " 96,669 ", "Acreage": "13.37", "NCES School ID": "510126000471", "State School ID": "VA-029-0290070", "NCES District ID": "5101260", "State District ID": "VA-029", "NCES School Name": "Forest Edge Elementary", "NCES Street Address": "1501 Beacontree Ln", "NCES City": "Reston", "NCES State": "VA", "NCES ZIP": "20190", "Latitude": 38.9689357, "Longitude": -77.3295931, "FCPS Notes (Per Leanna's Email on 2\/20\/2026)": null, "field_23": null, "field_24": null }, "geometry": { "type": "Point", "coordinates": [ -77.3295931, 38.9689357 ] } },
{ "type": "Feature", "properties": { "RFP ID": 62, "FCPS_School ID": 165, "School": "FORESTDALE ES", "Other names": null, "School Type": "Elementary Schools", "RFP": "Base Scope", "Region": 6, "Year Opened": "1964", "Building SF": " 55,075 ", "Acreage": "9.5", "NCES School ID": "510126000472", "State School ID": "VA-029-0291450", "NCES District ID": "5101260", "State District ID": "VA-029", "NCES School Name": "Forestdale Elementary", "NCES Street Address": "6530 Elder Ave", "NCES City": "Springfield", "NCES State": "VA", "NCES ZIP": "22150", "Latitude": 38.7763865, "Longitude": -77.1697723, "FCPS Notes (Per Leanna's Email on 2\/20\/2026)": null, "field_23": null, "field_24": null }, "geometry": { "type": "Point", "coordinates": [ -77.1697723, 38.7763865 ] } },
{ "type": "Feature", "properties": { "RFP ID": 64, "FCPS_School ID": 197, "School": "FORT BELVOIR PRIMARY ES", "Other names": null, "School Type": "Elementary Schools", "RFP": "Base Scope", "Region": 3, "Year Opened": "1998", "Building SF": " 95,341 ", "Acreage": "19.8", "NCES School ID": "510126001767", "State School ID": "VA-029-0292224", "NCES District ID": "5101260", "State District ID": "VA-029", "NCES School Name": "Fort Belvoir Elementary", "NCES Street Address": "5980 Meeres Rd", "NCES City": "Fort Belvoir", "NCES State": "VA", "NCES ZIP": "22060", "Latitude": 38.7217112, "Longitude": -77.1436658, "FCPS Notes (Per Leanna's Email on 2\/20\/2026)": null, "field_23": null, "field_24": null }, "geometry": { "type": "Point", "coordinates": [ -77.1436658, 38.7217112 ] } },
{ "type": "Feature", "properties": { "RFP ID": 66, "FCPS_School ID": 217, "School": "FORT HUNT ES", "Other names": null, "School Type": "Elementary Schools", "RFP": "Base Scope", "Region": 3, "Year Opened": "1969", "Building SF": " 82,363 ", "Acreage": "13.03", "NCES School ID": "510126000473", "State School ID": "VA-029-0291920", "NCES District ID": "5101260", "State District ID": "VA-029", "NCES School Name": "Fort Hunt Elementary", "NCES Street Address": "8832 Linton Ln", "NCES City": "Alexandria", "NCES State": "VA", "NCES ZIP": "22308", "Latitude": 38.719172, "Longitude": -77.0663395, "FCPS Notes (Per Leanna's Email on 2\/20\/2026)": null, "field_23": null, "field_24": null }, "geometry": { "type": "Point", "coordinates": [ -77.0663395, 38.719172 ] } },
{ "type": "Feature", "properties": { "RFP ID": 69, "FCPS_School ID": 122, "School": "FRANCONIA ES", "Other names": null, "School Type": "Elementary Schools", "RFP": "Base Scope", "Region": 3, "Year Opened": "1932", "Building SF": " 71,658 ", "Acreage": "6.75", "NCES School ID": "510126000476", "State School ID": "VA-029-0290320", "NCES District ID": "5101260", "State District ID": "VA-029", "NCES School Name": "Franconia Elementary", "NCES Street Address": "6301 Beulah St", "NCES City": "Alexandria", "NCES State": "VA", "NCES ZIP": "22310", "Latitude": 38.781102, "Longitude": -77.145101, "FCPS Notes (Per Leanna's Email on 2\/20\/2026)": null, "field_23": null, "field_24": null }, "geometry": { "type": "Point", "coordinates": [ -77.145101, 38.781102 ] } },
{ "type": "Feature", "properties": { "RFP ID": 71, "FCPS_School ID": 25, "School": "FRANKLIN SHERMAN ES", "Other names": null, "School Type": "Elementary Schools", "RFP": "Base Scope", "Region": 2, "Year Opened": "1952", "Building SF": " 64,420 ", "Acreage": "10.75", "NCES School ID": "Not Found", "State School ID": "Not Found", "NCES District ID": "Not Found", "State District ID": "Not Found", "NCES School Name": "Not Found", "NCES Street Address": "Not Found", "NCES City": "Not Found", "NCES State": "Not Found", "NCES ZIP": "Not Found", "Latitude": 38.9352321, "Longitude": -77.1746804, "FCPS Notes (Per Leanna's Email on 2\/20\/2026)": null, "field_23": null, "field_24": null }, "geometry": { "type": "Point", "coordinates": [ -77.1746804, 38.9352321 ] } },
{ "type": "Feature", "properties": { "RFP ID": 72, "FCPS_School ID": 77, "School": "FREEDOM HILL ES", "Other names": null, "School Type": "Elementary Schools", "RFP": "Base Scope", "Region": 5, "Year Opened": "1949", "Building SF": " 81,949 ", "Acreage": "12.07", "NCES School ID": "510126000478", "State School ID": "VA-029-0290490", "NCES District ID": "5101260", "State District ID": "VA-029", "NCES School Name": "Freedom Hill Elementary", "NCES Street Address": "1945 Lord Fairfax Rd", "NCES City": "Vienna", "NCES State": "VA", "NCES ZIP": "22182", "Latitude": 38.9113196, "Longitude": -77.2295456, "FCPS Notes (Per Leanna's Email on 2\/20\/2026)": null, "field_23": null, "field_24": null }, "geometry": { "type": "Point", "coordinates": [ -77.2295456, 38.9113196 ] } },
{ "type": "Feature", "properties": { "RFP ID": 76, "FCPS_School ID": 101, "School": "GLASGOW MS", "Other names": null, "School Type": "Middle Schools", "RFP": "Base Scope", "Region": 2, "Year Opened": "1961", "Building SF": " 199,406 ", "Acreage": "22.4", "NCES School ID": "510126000481", "State School ID": "VA-029-0291170", "NCES District ID": "5101260", "State District ID": "VA-029", "NCES School Name": "Glasgow Middle", "NCES Street Address": "4101 Fairfax Pkwy", "NCES City": "Alexandria", "NCES State": "VA", "NCES ZIP": "22312", "Latitude": 38.8381351, "Longitude": -77.1408068, "FCPS Notes (Per Leanna's Email on 2\/20\/2026)": null, "field_23": null, "field_24": null }, "geometry": { "type": "Point", "coordinates": [ -77.1408068, 38.8381351 ] } },
{ "type": "Feature", "properties": { "RFP ID": 77, "FCPS_School ID": 104, "School": "GLEN FOREST ES", "Other names": null, "School Type": "Elementary Schools", "RFP": "Base Scope", "Region": 2, "Year Opened": "1957", "Building SF": " 88,455 ", "Acreage": "10.23", "NCES School ID": "510126000482", "State School ID": "VA-029-0290970", "NCES District ID": "5101260", "State District ID": "VA-029", "NCES School Name": "Glen Forest Elementary", "NCES Street Address": "5829 Glen Forest Dr", "NCES City": "Falls Church", "NCES State": "VA", "NCES ZIP": "22041", "Latitude": 38.8553222, "Longitude": -77.1287417, "FCPS Notes (Per Leanna's Email on 2\/20\/2026)": null, "field_23": null, "field_24": null }, "geometry": { "type": "Point", "coordinates": [ -77.1287417, 38.8553222 ] } },
{ "type": "Feature", "properties": { "RFP ID": 79, "FCPS_School ID": 93, "School": "GRAHAM ROAD ES", "Other names": null, "School Type": "Elementary Schools", "RFP": "Base Scope", "Region": 2, "Year Opened": "1950", "Building SF": " 81,354 ", "Acreage": "8.13", "NCES School ID": "510126000483", "State School ID": "VA-029-0290530", "NCES District ID": "5101260", "State District ID": "VA-029", "NCES School Name": "Graham Road Elementary", "NCES Street Address": "2831 Graham Rd", "NCES City": "Falls Church", "NCES State": "VA", "NCES ZIP": "22042", "Latitude": 38.8762909, "Longitude": -77.1908063, "FCPS Notes (Per Leanna's Email on 2\/20\/2026)": null, "field_23": null, "field_24": null }, "geometry": { "type": "Point", "coordinates": [ -77.1908063, 38.8762909 ] } },
{ "type": "Feature", "properties": { "RFP ID": 80, "FCPS_School ID": 297, "School": "GREAT FALLS ES", "Other names": null, "School Type": "Elementary Schools", "RFP": "Base Scope", "Region": 1, "Year Opened": "1953", "Building SF": " 85,697 ", "Acreage": "10", "NCES School ID": "510126000484", "State School ID": "VA-029-0290570", "NCES District ID": "5101260", "State District ID": "VA-029", "NCES School Name": "Great Falls Elementary", "NCES Street Address": "701 Walker Rd", "NCES City": "Great Falls", "NCES State": "VA", "NCES ZIP": "22066", "Latitude": 39.0014286, "Longitude": -77.292215, "FCPS Notes (Per Leanna's Email on 2\/20\/2026)": null, "field_23": null, "field_24": null }, "geometry": { "type": "Point", "coordinates": [ -77.292215, 39.0014286 ] } },
{ "type": "Feature", "properties": { "RFP ID": 81, "FCPS_School ID": 254, "School": "GREENBRIAR EAST ES", "Other names": null, "School Type": "Elementary Schools", "RFP": "Base Scope", "Region": 5, "Year Opened": "1968", "Building SF": " 90,547 ", "Acreage": "10", "NCES School ID": "510126000486", "State School ID": "VA-029-0291840", "NCES District ID": "5101260", "State District ID": "VA-029", "NCES School Name": "Greenbriar East Elementary", "NCES Street Address": "13006 Point Pleasant Dr", "NCES City": "Fairfax", "NCES State": "VA", "NCES ZIP": "22033", "Latitude": 38.8718208, "Longitude": -77.3945242, "FCPS Notes (Per Leanna's Email on 2\/20\/2026)": null, "field_23": null, "field_24": null }, "geometry": { "type": "Point", "coordinates": [ -77.3945242, 38.8718208 ] } },
{ "type": "Feature", "properties": { "RFP ID": 82, "FCPS_School ID": 255, "School": "GREENBRIAR WEST ES", "Other names": null, "School Type": "Elementary Schools", "RFP": "Base Scope", "Region": 5, "Year Opened": "1972", "Building SF": " 93,203 ", "Acreage": "10", "NCES School ID": "510126000487", "State School ID": "VA-029-0291500", "NCES District ID": "5101260", "State District ID": "VA-029", "NCES School Name": "Greenbriar West Elementary", "NCES Street Address": "13300 Poplar Tree Rd", "NCES City": "Fairfax", "NCES State": "VA", "NCES ZIP": "22033", "Latitude": 38.876211, "Longitude": -77.4052864, "FCPS Notes (Per Leanna's Email on 2\/20\/2026)": null, "field_23": null, "field_24": null }, "geometry": { "type": "Point", "coordinates": [ -77.4052864, 38.876211 ] } },
{ "type": "Feature", "properties": { "RFP ID": 83, "FCPS_School ID": 205, "School": "GROVETON ES", "Other names": null, "School Type": "Elementary Schools", "RFP": "Base Scope", "Region": 3, "Year Opened": "1933", "Building SF": " 92,326 ", "Acreage": "12.99", "NCES School ID": "510126000488", "State School ID": "VA-029-0290330", "NCES District ID": "5101260", "State District ID": "VA-029", "NCES School Name": "Groveton Elementary", "NCES Street Address": "6900 Harrison Ln", "NCES City": "Alexandria", "NCES State": "VA", "NCES ZIP": "22306", "Latitude": 38.7685841, "Longitude": -77.0949373, "FCPS Notes (Per Leanna's Email on 2\/20\/2026)": null, "field_23": null, "field_24": null }, "geometry": { "type": "Point", "coordinates": [ -77.0949373, 38.7685841 ] } },
{ "type": "Feature", "properties": { "RFP ID": 84, "FCPS_School ID": 348, "School": "GUNSTON ES", "Other names": null, "School Type": "Elementary Schools", "RFP": "Base Scope", "Region": 6, "Year Opened": "1954", "Building SF": " 74,930 ", "Acreage": "10", "NCES School ID": "510126000490", "State School ID": "VA-029-0290690", "NCES District ID": "5101260", "State District ID": "VA-029", "NCES School Name": "Gunston Elementary", "NCES Street Address": "10100 Gunston Rd", "NCES City": "Lorton", "NCES State": "VA", "NCES ZIP": "22079", "Latitude": 38.6848888, "Longitude": -77.2094377, "FCPS Notes (Per Leanna's Email on 2\/20\/2026)": null, "field_23": null, "field_24": null }, "geometry": { "type": "Point", "coordinates": [ -77.2094377, 38.6848888 ] } },
{ "type": "Feature", "properties": { "RFP ID": 85, "FCPS_School ID": 356, "School": "HALLEY ES", "Other names": null, "School Type": "Elementary Schools", "RFP": "Base Scope", "Region": 4, "Year Opened": "1995", "Building SF": " 98,900 ", "Acreage": "20.11", "NCES School ID": "510126001093", "State School ID": "VA-029-0292210", "NCES District ID": "5101260", "State District ID": "VA-029", "NCES School Name": "Halley Elementary", "NCES Street Address": "8850 Cross Chase Circle", "NCES City": "Fairfax Station", "NCES State": "VA", "NCES ZIP": "22039", "Latitude": 38.717853, "Longitude": -77.26026, "FCPS Notes (Per Leanna's Email on 2\/20\/2026)": null, "field_23": null, "field_24": null }, "geometry": { "type": "Point", "coordinates": [ -77.26026, 38.717853 ] } },
{ "type": "Feature", "properties": { "RFP ID": 87, "FCPS_School ID": 184, "School": "HAYFIELD ES", "Other names": "Hayfield Secondary School", "School Type": "Elementary Schools", "RFP": "Base Scope", "Region": 6, "Year Opened": "1967", "Building SF": " 81,437 ", "Acreage": "13.13", "NCES School ID": "510126000492", "State School ID": "VA-029-0291740", "NCES District ID": "5101260", "State District ID": "VA-029", "NCES School Name": "Hayfield Elementary", "NCES Street Address": "7633 Telegraph Rd", "NCES City": "Alexandria", "NCES State": "VA", "NCES ZIP": "22315", "Latitude": 38.7489734, "Longitude": -77.140517, "FCPS Notes (Per Leanna's Email on 2\/20\/2026)": null, "field_23": null, "field_24": null }, "geometry": { "type": "Point", "coordinates": [ -77.140517, 38.7489734 ] } },
{ "type": "Feature", "properties": { "RFP ID": 88, "FCPS_School ID": 180, "School": "HAYFIELD HS", "Other names": "Hayfield Secondary School", "School Type": "High Schools", "RFP": "Base Scope", "Region": 6, "Year Opened": "1969", "Building SF": " 340,199 ", "Acreage": "57.5", "NCES School ID": "510126000493", "State School ID": "VA-029-0291800", "NCES District ID": "5101260", "State District ID": "VA-029", "NCES School Name": "Hayfield Secondary", "NCES Street Address": "7630 Telegraph Rd", "NCES City": "Alexandria", "NCES State": "VA", "NCES ZIP": "22315", "Latitude": 38.7503092, "Longitude": -77.1445617, "FCPS Notes (Per Leanna's Email on 2\/20\/2026)": null, "field_23": null, "field_24": null }, "geometry": { "type": "Point", "coordinates": [ -77.1445617, 38.7503092 ] } },
{ "type": "Feature", "properties": { "RFP ID": 89, "FCPS_School ID": 181, "School": "HAYFIELD MS", "Other names": null, "School Type": "Middle Schools", "RFP": "Base Scope", "Region": 6, "Year Opened": "1969", "Building SF": " 170,050 ", "Acreage": "57.5", "NCES School ID": "Not Found", "State School ID": "Not Found", "NCES District ID": "Not Found", "State District ID": "Not Found", "NCES School Name": "Not Found", "NCES Street Address": "Not Found", "NCES City": "Not Found", "NCES State": "Not Found", "NCES ZIP": "Not Found", "Latitude": 38.7503092, "Longitude": -77.1445617, "FCPS Notes (Per Leanna's Email on 2\/20\/2026)": null, "field_23": null, "field_24": null }, "geometry": { "type": "Point", "coordinates": [ -77.1445617, 38.7503092 ] } },
{ "type": "Feature", "properties": { "RFP ID": 93, "FCPS_School ID": 281, "School": "HERNDON MS", "Other names": null, "School Type": "Middle Schools", "RFP": "Base Scope", "Region": 1, "Year Opened": "1927", "Building SF": " 193,776 ", "Acreage": "27.3", "NCES School ID": "510126000496", "State School ID": "VA-029-0290033", "NCES District ID": "5101260", "State District ID": "VA-029", "NCES School Name": "Herndon Middle", "NCES Street Address": "901 Locust St", "NCES City": "Herndon", "NCES State": "VA", "NCES ZIP": "20170", "Latitude": 38.9677889, "Longitude": -77.3918832, "FCPS Notes (Per Leanna's Email on 2\/20\/2026)": null, "field_23": null, "field_24": null }, "geometry": { "type": "Point", "coordinates": [ -77.3918832, 38.9677889 ] } },
{ "type": "Feature", "properties": { "RFP ID": 97, "FCPS_School ID": 111, "School": "HOLMES MS", "Other names": null, "School Type": "Middle Schools", "RFP": "Base Scope", "Region": 6, "Year Opened": "1967", "Building SF": " 158,399 ", "Acreage": "28.2", "NCES School ID": "510126000500", "State School ID": "VA-029-0291521", "NCES District ID": "5101260", "State District ID": "VA-029", "NCES School Name": "Holmes Middle", "NCES Street Address": "6525 Montrose St", "NCES City": "Alexandria", "NCES State": "VA", "NCES ZIP": "22312", "Latitude": 38.8141636, "Longitude": -77.1632554, "FCPS Notes (Per Leanna's Email on 2\/20\/2026)": null, "field_23": null, "field_24": null }, "geometry": { "type": "Point", "coordinates": [ -77.1632554, 38.8141636 ] } },
{ "type": "Feature", "properties": { "RFP ID": 99, "FCPS_School ID": 378, "School": "HUNT VALLEY ES", "Other names": null, "School Type": "Elementary Schools", "RFP": "Base Scope", "Region": 4, "Year Opened": "1968", "Building SF": " 90,187 ", "Acreage": "13", "NCES School ID": "510126000501", "State School ID": "VA-029-0291880", "NCES District ID": "5101260", "State District ID": "VA-029", "NCES School Name": "Hunt Valley Elementary", "NCES Street Address": "7107 Sydenstricker Rd", "NCES City": "Springfield", "NCES State": "VA", "NCES ZIP": "22152", "Latitude": 38.762048, "Longitude": -77.243715, "FCPS Notes (Per Leanna's Email on 2\/20\/2026)": null, "field_23": null, "field_24": null }, "geometry": { "type": "Point", "coordinates": [ -77.243715, 38.762048 ] } },
{ "type": "Feature", "properties": { "RFP ID": 100, "FCPS_School ID": 327, "School": "HUNTERS WOODS ES", "Other names": null, "School Type": "Elementary Schools", "RFP": "Base Scope", "Region": 1, "Year Opened": "1969", "Building SF": " 101,613 ", "Acreage": "11.23", "NCES School ID": "510126000502", "State School ID": "VA-029-0291950", "NCES District ID": "5101260", "State District ID": "VA-029", "NCES School Name": "Hunters Woods Elementary School for the Arts and Sciences", "NCES Street Address": "2401 Colts Neck Rd", "NCES City": "Reston", "NCES State": "VA", "NCES ZIP": "20191", "Latitude": 38.9324729, "Longitude": -77.3615137, "FCPS Notes (Per Leanna's Email on 2\/20\/2026)": null, "field_23": null, "field_24": null }, "geometry": { "type": "Point", "coordinates": [ -77.3615137, 38.9324729 ] } },
{ "type": "Feature", "properties": { "RFP ID": 101, "FCPS_School ID": 287, "School": "HUTCHISON ES", "Other names": null, "School Type": "Elementary Schools", "RFP": "Base Scope", "Region": 1, "Year Opened": "1975", "Building SF": " 106,408 ", "Acreage": "38.8", "NCES School ID": "510126000460", "State School ID": "VA-029-0291980", "NCES District ID": "5101260", "State District ID": "VA-029", "NCES School Name": "Hutchison Elementary", "NCES Street Address": "13209 Parcher Ave", "NCES City": "Herndon", "NCES State": "VA", "NCES ZIP": "20170", "Latitude": 38.961362, "Longitude": -77.406901, "FCPS Notes (Per Leanna's Email on 2\/20\/2026)": null, "field_23": null, "field_24": null }, "geometry": { "type": "Point", "coordinates": [ -77.406901, 38.961362 ] } },
{ "type": "Feature", "properties": { "RFP ID": 104, "FCPS_School ID": 151, "School": "IRVING MS", "Other names": null, "School Type": "Middle Schools", "RFP": "Base Scope", "Region": 4, "Year Opened": "1960", "Building SF": " 156,962 ", "Acreage": "20.8", "NCES School ID": "510126000504", "State School ID": "VA-029-0291120", "NCES District ID": "5101260", "State District ID": "VA-029", "NCES School Name": "Irving Middle", "NCES Street Address": "8100 Old Keene Mill Rd", "NCES City": "Springfield", "NCES State": "VA", "NCES ZIP": "22152", "Latitude": 38.7817014, "Longitude": -77.2249014, "FCPS Notes (Per Leanna's Email on 2\/20\/2026)": null, "field_23": null, "field_24": null }, "geometry": { "type": "Point", "coordinates": [ -77.2249014, 38.7817014 ] } },
{ "type": "Feature", "properties": { "RFP ID": 105, "FCPS_School ID": 429, "School": "ISLAND CREEK ES", "Other names": null, "School Type": "Elementary Schools", "RFP": "Base Scope", "Region": 6, "Year Opened": "2003", "Building SF": " 98,590 ", "Acreage": "18.5", "NCES School ID": "510126002334", "State School ID": "VA-029-0292235", "NCES District ID": "5101260", "State District ID": "VA-029", "NCES School Name": "Island Creek Elementary", "NCES Street Address": "7855 Morning View Ln", "NCES City": "Alexandria", "NCES State": "VA", "NCES ZIP": "22315", "Latitude": 38.7456604, "Longitude": -77.1681746, "FCPS Notes (Per Leanna's Email on 2\/20\/2026)": null, "field_23": null, "field_24": null }, "geometry": { "type": "Point", "coordinates": [ -77.1681746, 38.7456604 ] } },
{ "type": "Feature", "properties": { "RFP ID": 106, "FCPS_School ID": 81, "School": "JACKSON MS", "Other names": "Luther Jackson Middle School", "School Type": "Middle Schools", "RFP": "Base Scope", "Region": 2, "Year Opened": "1954", "Building SF": " 150,819 ", "Acreage": "20.4", "NCES School ID": "510126000530", "State School ID": "VA-029-0290673", "NCES District ID": "5101260", "State District ID": "VA-029", "NCES School Name": "Jackson Middle", "NCES Street Address": "3020 Gallows Rd", "NCES City": "Falls Church", "NCES State": "VA", "NCES ZIP": "22042", "Latitude": 38.8683277, "Longitude": -77.2289267, "FCPS Notes (Per Leanna's Email on 2\/20\/2026)": "Note: Include School Board Auditorium\/Conf room", "field_23": null, "field_24": null }, "geometry": { "type": "Point", "coordinates": [ -77.2289267, 38.8683277 ] } },
{ "type": "Feature", "properties": { "RFP ID": 107, "FCPS_School ID": 100, "School": "JUSTICE HS", "Other names": null, "School Type": "High Schools", "RFP": "Base Scope", "Region": 2, "Year Opened": "1959", "Building SF": " 353,889 ", "Acreage": "20.94", "NCES School ID": "510126000505", "State School ID": "VA-029-0291070", "NCES District ID": "5101260", "State District ID": "VA-029", "NCES School Name": "Justice High", "NCES Street Address": "3301 Peace Valley Ln", "NCES City": "Falls Church", "NCES State": "VA", "NCES ZIP": "22044", "Latitude": 38.8566441, "Longitude": -77.1492354, "FCPS Notes (Per Leanna's Email on 2\/20\/2026)": null, "field_23": null, "field_24": null }, "geometry": { "type": "Point", "coordinates": [ -77.1492354, 38.8566441 ] } },
{ "type": "Feature", "properties": { "RFP ID": 108, "FCPS_School ID": 501, "School": "KATHERINE JOHNSON MS*", "Other names": null, "School Type": "Middle Schools", "RFP": "Base Scope", "Region": 5, "Year Opened": "1960", "Building SF": " 182,589 ", "Acreage": "19.4", "NCES School ID": "Not Found", "State School ID": "Not Found", "NCES District ID": "Not Found", "State District ID": "Not Found", "NCES School Name": "Not Found", "NCES Street Address": "Not Found", "NCES City": "Not Found", "NCES State": "Not Found", "NCES ZIP": "Not Found", "Latitude": 38.8597872, "Longitude": -77.3272376, "FCPS Notes (Per Leanna's Email on 2\/20\/2026)": null, "field_23": null, "field_24": null }, "geometry": { "type": "Point", "coordinates": [ -77.3272376, 38.8597872 ] } },
{ "type": "Feature", "properties": { "RFP ID": 110, "FCPS_School ID": 36, "School": "KENT GARDENS ES", "Other names": null, "School Type": "Elementary Schools", "RFP": "Base Scope", "Region": 2, "Year Opened": "1957", "Building SF": " 77,901 ", "Acreage": "10.92", "NCES School ID": "510126000509", "State School ID": "VA-029-0290980", "NCES District ID": "5101260", "State District ID": "VA-029", "NCES School Name": "Kent Gardens Elementary", "NCES Street Address": "1717 Melbourne Dr", "NCES City": "McLean", "NCES State": "VA", "NCES ZIP": "22101", "Latitude": 38.9215603, "Longitude": -77.1754766, "FCPS Notes (Per Leanna's Email on 2\/20\/2026)": null, "field_23": null, "field_24": null }, "geometry": { "type": "Point", "coordinates": [ -77.1754766, 38.9215603 ] } },
{ "type": "Feature", "properties": { "RFP ID": 111, "FCPS_School ID": 121, "School": "KEY CENTER", "Other names": null, "School Type": "Other", "RFP": "Base Scope", "Region": 6, "Year Opened": "---", "Building SF": " --- ", "Acreage": "---", "NCES School ID": "510126000510", "State School ID": "VA-029-0291901", "NCES District ID": "5101260", "State District ID": "VA-029", "NCES School Name": "Key Center", "NCES Street Address": "6404 Franconia Rd", "NCES City": "Springfield", "NCES State": "VA", "NCES ZIP": "22150", "Latitude": 38.779656, "Longitude": -77.16063, "FCPS Notes (Per Leanna's Email on 2\/20\/2026)": null, "field_23": null, "field_24": null }, "geometry": { "type": "Point", "coordinates": [ -77.16063, 38.779656 ] } },
{ "type": "Feature", "properties": { "RFP ID": 112, "FCPS_School ID": 161, "School": "KEY MS", "Other names": null, "School Type": "Middle Schools", "RFP": "Base Scope", "Region": 6, "Year Opened": "1971", "Building SF": " 221,670 ", "Acreage": "20.6", "NCES School ID": "510126000511", "State School ID": "VA-029-0291900", "NCES District ID": "5101260", "State District ID": "VA-029", "NCES School Name": "Key Middle", "NCES Street Address": "6402 Franconia Rd", "NCES City": "Springfield", "NCES State": "VA", "NCES ZIP": "22150", "Latitude": 38.779694, "Longitude": -77.16063, "FCPS Notes (Per Leanna's Email on 2\/20\/2026)": null, "field_23": null, "field_24": null }, "geometry": { "type": "Point", "coordinates": [ -77.16063, 38.779694 ] } },
{ "type": "Feature", "properties": { "RFP ID": 113, "FCPS_School ID": 421, "School": "KILMER CENTER", "Other names": null, "School Type": "Other", "RFP": "Base Scope", "Region": 5, "Year Opened": "---", "Building SF": " --- ", "Acreage": "---", "NCES School ID": "510126000512", "State School ID": "VA-029-0291761", "NCES District ID": "5101260", "State District ID": "VA-029", "NCES School Name": "Kilmer Center", "NCES Street Address": "8102 Wolftrap Rd", "NCES City": "Vienna", "NCES State": "VA", "NCES ZIP": "22182", "Latitude": 38.9040021, "Longitude": -77.2252888, "FCPS Notes (Per Leanna's Email on 2\/20\/2026)": null, "field_23": null, "field_24": null }, "geometry": { "type": "Point", "coordinates": [ -77.2252888, 38.9040021 ] } },
{ "type": "Feature", "properties": { "RFP ID": 114, "FCPS_School ID": 71, "School": "KILMER MS", "Other names": null, "School Type": "Middle Schools", "RFP": "Base Scope", "Region": 5, "Year Opened": "1967", "Building SF": " 194,855 ", "Acreage": "23.4", "NCES School ID": "510126000513", "State School ID": "VA-029-0291760", "NCES District ID": "5101260", "State District ID": "VA-029", "NCES School Name": "Kilmer Middle", "NCES Street Address": "8100 Wolftrap Rd", "NCES City": "Vienna", "NCES State": "VA", "NCES ZIP": "22182", "Latitude": 38.9045881, "Longitude": -77.2250673, "FCPS Notes (Per Leanna's Email on 2\/20\/2026)": null, "field_23": null, "field_24": null }, "geometry": { "type": "Point", "coordinates": [ -77.2250673, 38.9045881 ] } },
{ "type": "Feature", "properties": { "RFP ID": 115, "FCPS_School ID": 406, "School": "KINGS GLEN ES", "Other names": null, "School Type": "Elementary Schools", "RFP": "Base Scope", "Region": 4, "Year Opened": "1969", "Building SF": " 74,619 ", "Acreage": "8.2", "NCES School ID": "510126001840", "State School ID": "VA-029-0291890", "NCES District ID": "5101260", "State District ID": "VA-029", "NCES School Name": "Kings Glen Elementary", "NCES Street Address": "5401 Danbury Forest Dr", "NCES City": "Springfield", "NCES State": "VA", "NCES ZIP": "22151", "Latitude": 38.8038359, "Longitude": -77.2346776, "FCPS Notes (Per Leanna's Email on 2\/20\/2026)": null, "field_23": null, "field_24": null }, "geometry": { "type": "Point", "coordinates": [ -77.2346776, 38.8038359 ] } },
{ "type": "Feature", "properties": { "RFP ID": 116, "FCPS_School ID": 407, "School": "KINGS PARK ES", "Other names": null, "School Type": "Elementary Schools", "RFP": "Base Scope", "Region": 4, "Year Opened": "1964", "Building SF": " 82,762 ", "Acreage": "10.1", "NCES School ID": "510126000514", "State School ID": "VA-029-0291440", "NCES District ID": "5101260", "State District ID": "VA-029", "NCES School Name": "Kings Park Elementary", "NCES Street Address": "5400 Harrow Way", "NCES City": "Springfield", "NCES State": "VA", "NCES ZIP": "22151", "Latitude": 38.8048421, "Longitude": -77.241593, "FCPS Notes (Per Leanna's Email on 2\/20\/2026)": null, "field_23": null, "field_24": null }, "geometry": { "type": "Point", "coordinates": [ -77.241593, 38.8048421 ] } },
{ "type": "Feature", "properties": { "RFP ID": 117, "FCPS_School ID": 307, "School": "LAKE ANNE ES", "Other names": null, "School Type": "Elementary Schools", "RFP": "Base Scope", "Region": 1, "Year Opened": "1967", "Building SF": " 85,419 ", "Acreage": "10.18", "NCES School ID": "510126000515", "State School ID": "VA-029-0291570", "NCES District ID": "5101260", "State District ID": "VA-029", "NCES School Name": "Lake Anne Elementary", "NCES Street Address": "11510 North Shore Dr", "NCES City": "Reston", "NCES State": "VA", "NCES ZIP": "20190", "Latitude": 38.965278, "Longitude": -77.34678, "FCPS Notes (Per Leanna's Email on 2\/20\/2026)": null, "field_23": null, "field_24": null }, "geometry": { "type": "Point", "coordinates": [ -77.34678, 38.965278 ] } },
{ "type": "Feature", "properties": { "RFP ID": 118, "FCPS_School ID": 400, "School": "LAKE BRADDOCK HS", "Other names": "Lake Braddock Secondary School", "School Type": "High Schools", "RFP": "Base Scope", "Region": 4, "Year Opened": "1971", "Building SF": " 418,336 ", "Acreage": "60.06", "NCES School ID": "510126000516", "State School ID": "VA-029-0290090", "NCES District ID": "5101260", "State District ID": "VA-029", "NCES School Name": "Lake Braddock Secondary", "NCES Street Address": "9200 Burke Lake Rd", "NCES City": "Burke", "NCES State": "VA", "NCES ZIP": "22015", "Latitude": 38.8033258, "Longitude": -77.2659752, "FCPS Notes (Per Leanna's Email on 2\/20\/2026)": null, "field_23": null, "field_24": null }, "geometry": { "type": "Point", "coordinates": [ -77.2659752, 38.8033258 ] } },
{ "type": "Feature", "properties": { "RFP ID": 119, "FCPS_School ID": 401, "School": "LAKE BRADDOCK MS", "Other names": "Lake Braddock Secondary School", "School Type": "Middle Schools", "RFP": "Base Scope", "Region": 4, "Year Opened": "1971", "Building SF": " 174,660 ", "Acreage": "60.06", "NCES School ID": "Not Found", "State School ID": "Not Found", "NCES District ID": "Not Found", "State District ID": "Not Found", "NCES School Name": "Not Found", "NCES Street Address": "Not Found", "NCES City": "Not Found", "NCES State": "Not Found", "NCES ZIP": "Not Found", "Latitude": 38.8033258, "Longitude": -77.2659752, "FCPS Notes (Per Leanna's Email on 2\/20\/2026)": null, "field_23": null, "field_24": null }, "geometry": { "type": "Point", "coordinates": [ -77.2659752, 38.8033258 ] } },
{ "type": "Feature", "properties": { "RFP ID": 120, "FCPS_School ID": 127, "School": "LANE ES", "Other names": null, "School Type": "Elementary Schools", "RFP": "Base Scope", "Region": 6, "Year Opened": "1995", "Building SF": " 98,625 ", "Acreage": "20.34", "NCES School ID": "510126001091", "State School ID": "VA-029-0292209", "NCES District ID": "5101260", "State District ID": "VA-029", "NCES School Name": "Lane Elementary", "NCES Street Address": "7137 Beulah St", "NCES City": "Alexandria", "NCES State": "VA", "NCES ZIP": "22315", "Latitude": 38.7609939, "Longitude": -77.1574139, "FCPS Notes (Per Leanna's Email on 2\/20\/2026)": null, "field_23": null, "field_24": null }, "geometry": { "type": "Point", "coordinates": [ -77.1574139, 38.7609939 ] } },
{ "type": "Feature", "properties": { "RFP ID": 122, "FCPS_School ID": 403, "School": "LAUREL HILL ES", "Other names": null, "School Type": "Elementary Schools", "RFP": "Base Scope", "Region": 4, "Year Opened": "2009", "Building SF": " 98,590 ", "Acreage": "8.66", "NCES School ID": "510126002802", "State School ID": "VA-029-0292348", "NCES District ID": "5101260", "State District ID": "VA-029", "NCES School Name": "Laurel Hill Elementary", "NCES Street Address": "8390 Laurel Crest Dr.", "NCES City": "Lorton", "NCES State": "VA", "NCES ZIP": "22079", "Latitude": 38.7174725, "Longitude": -77.2332896, "FCPS Notes (Per Leanna's Email on 2\/20\/2026)": null, "field_23": null, "field_24": null }, "geometry": { "type": "Point", "coordinates": [ -77.2332896, 38.7174725 ] } },
{ "type": "Feature", "properties": { "RFP ID": 123, "FCPS_School ID": 394, "School": "LAUREL RIDGE ES", "Other names": null, "School Type": "Elementary Schools", "RFP": "Base Scope", "Region": 4, "Year Opened": "1970", "Building SF": " 112,320 ", "Acreage": "12.55", "NCES School ID": "510126000519", "State School ID": "VA-029-0291970", "NCES District ID": "5101260", "State District ID": "VA-029", "NCES School Name": "Laurel Ridge Elementary", "NCES Street Address": "10110 Commonwealth Blvd", "NCES City": "Fairfax", "NCES State": "VA", "NCES ZIP": "22032", "Latitude": 38.8146467, "Longitude": -77.2954648, "FCPS Notes (Per Leanna's Email on 2\/20\/2026)": null, "field_23": null, "field_24": null }, "geometry": { "type": "Point", "coordinates": [ -77.2954648, 38.8146467 ] } },
{ "type": "Feature", "properties": { "RFP ID": 126, "FCPS_School ID": 74, "School": "LEMON ROAD ES", "Other names": null, "School Type": "Elementary Schools", "RFP": "Base Scope", "Region": 5, "Year Opened": "1955", "Building SF": " 69,914 ", "Acreage": "12.01", "NCES School ID": "510126000522", "State School ID": "VA-029-0290770", "NCES District ID": "5101260", "State District ID": "VA-029", "NCES School Name": "Lemon Road Elementary", "NCES Street Address": "7230 Idylwood Rd", "NCES City": "Falls Church", "NCES State": "VA", "NCES ZIP": "22043", "Latitude": 38.9046109, "Longitude": -77.1963216, "FCPS Notes (Per Leanna's Email on 2\/20\/2026)": null, "field_23": null, "field_24": null }, "geometry": { "type": "Point", "coordinates": [ -77.1963216, 38.9046109 ] } },
{ "type": "Feature", "properties": { "RFP ID": 127, "FCPS_School ID": 160, "School": "LEWIS HS", "Other names": "John R Lewis High School", "School Type": "High Schools", "RFP": "Base Scope", "Region": 6, "Year Opened": "1958", "Building SF": " 310,405 ", "Acreage": "25.32", "NCES School ID": "510126000521", "State School ID": "VA-029-0291020", "NCES District ID": "5101260", "State District ID": "VA-029", "NCES School Name": "Lewis High", "NCES Street Address": "6540 Franconia Rd", "NCES City": "Springfield", "NCES State": "VA", "NCES ZIP": "22150", "Latitude": 38.7805181, "Longitude": -77.1697692, "FCPS Notes (Per Leanna's Email on 2\/20\/2026)": null, "field_23": null, "field_24": null }, "geometry": { "type": "Point", "coordinates": [ -77.1697692, 38.7805181 ] } },
{ "type": "Feature", "properties": { "RFP ID": 128, "FCPS_School ID": 411, "School": "LIBERTY MS", "Other names": null, "School Type": "Middle Schools", "RFP": "Base Scope", "Region": 4, "Year Opened": "2002", "Building SF": " 178,723 ", "Acreage": "79.86", "NCES School ID": "510126002271", "State School ID": "VA-029-0292233", "NCES District ID": "5101260", "State District ID": "VA-029", "NCES School Name": "Liberty Middle", "NCES Street Address": "6801 Union Mill Rd.", "NCES City": "Clifton", "NCES State": "VA", "NCES ZIP": "20124", "Latitude": 38.805256, "Longitude": -77.4178896, "FCPS Notes (Per Leanna's Email on 2\/20\/2026)": null, "field_23": null, "field_24": null }, "geometry": { "type": "Point", "coordinates": [ -77.4178896, 38.805256 ] } },
{ "type": "Feature", "properties": { "RFP ID": 129, "FCPS_School ID": 133, "School": "LITTLE RUN ES", "Other names": null, "School Type": "Elementary Schools", "RFP": "Base Scope", "Region": 5, "Year Opened": "1963", "Building SF": " 55,104 ", "Acreage": "10.11", "NCES School ID": "510126000525", "State School ID": "VA-029-0291400", "NCES District ID": "5101260", "State District ID": "VA-029", "NCES School Name": "Little Run Elementary", "NCES Street Address": "4511 Olley Ln", "NCES City": "Fairfax", "NCES State": "VA", "NCES ZIP": "22032", "Latitude": 38.8263385, "Longitude": -77.2669725, "FCPS Notes (Per Leanna's Email on 2\/20\/2026)": null, "field_23": null, "field_24": null }, "geometry": { "type": "Point", "coordinates": [ -77.2669725, 38.8263385 ] } },
{ "type": "Feature", "properties": { "RFP ID": 130, "FCPS_School ID": 245, "School": "LONDON TOWNE ES", "Other names": null, "School Type": "Elementary Schools", "RFP": "Base Scope", "Region": 5, "Year Opened": "1969", "Building SF": " 90,770 ", "Acreage": "12.71", "NCES School ID": "510126000526", "State School ID": "VA-029-0291830", "NCES District ID": "5101260", "State District ID": "VA-029", "NCES School Name": "London Towne Elementary", "NCES Street Address": "6100 Stone Rd", "NCES City": "Centreville", "NCES State": "VA", "NCES ZIP": "20120", "Latitude": 38.8399525, "Longitude": -77.456214, "FCPS Notes (Per Leanna's Email on 2\/20\/2026)": null, "field_23": null, "field_24": null }, "geometry": { "type": "Point", "coordinates": [ -77.456214, 38.8399525 ] } },
{ "type": "Feature", "properties": { "RFP ID": 131, "FCPS_School ID": 31, "School": "LONGFELLOW MS", "Other names": null, "School Type": "Middle Schools", "RFP": "Base Scope", "Region": 2, "Year Opened": "1960", "Building SF": " 161,516 ", "Acreage": "17.57", "NCES School ID": "510126000527", "State School ID": "VA-029-0291150", "NCES District ID": "5101260", "State District ID": "VA-029", "NCES School Name": "Longfellow Middle", "NCES Street Address": "2000 Westmoreland St", "NCES City": "Falls Church", "NCES State": "VA", "NCES ZIP": "22043", "Latitude": 38.9095435, "Longitude": -77.174426, "FCPS Notes (Per Leanna's Email on 2\/20\/2026)": null, "field_23": null, "field_24": null }, "geometry": { "type": "Point", "coordinates": [ -77.174426, 38.9095435 ] } },
{ "type": "Feature", "properties": { "RFP ID": 133, "FCPS_School ID": 343, "School": "LORTON STATION ES", "Other names": null, "School Type": "Elementary Schools", "RFP": "Base Scope", "Region": 6, "Year Opened": "2003", "Building SF": " 101,122 ", "Acreage": "12.81", "NCES School ID": "510126002335", "State School ID": "VA-029-0292236", "NCES District ID": "5101260", "State District ID": "VA-029", "NCES School Name": "Lorton Station Elementary", "NCES Street Address": "9298 Lewis Chapel Rd.", "NCES City": "Lorton", "NCES State": "VA", "NCES ZIP": "22079", "Latitude": 38.7068489, "Longitude": -77.2171629, "FCPS Notes (Per Leanna's Email on 2\/20\/2026)": null, "field_23": null, "field_24": null }, "geometry": { "type": "Point", "coordinates": [ -77.2171629, 38.7068489 ] } },
{ "type": "Feature", "properties": { "RFP ID": 135, "FCPS_School ID": 164, "School": "LYNBROOK ES", "Other names": null, "School Type": "Elementary Schools", "RFP": "Base Scope", "Region": 6, "Year Opened": "1957", "Building SF": " 88,674 ", "Acreage": "10.64", "NCES School ID": "510126000531", "State School ID": "VA-029-0290890", "NCES District ID": "5101260", "State District ID": "VA-029", "NCES School Name": "Lynbrook Elementary", "NCES Street Address": "5801 Backlick Rd", "NCES City": "Springfield", "NCES State": "VA", "NCES ZIP": "22150", "Latitude": 38.7928394, "Longitude": -77.1855401, "FCPS Notes (Per Leanna's Email on 2\/20\/2026)": null, "field_23": null, "field_24": null }, "geometry": { "type": "Point", "coordinates": [ -77.1855401, 38.7928394 ] } },
{ "type": "Feature", "properties": { "RFP ID": 136, "FCPS_School ID": 60, "School": "MADISON HS", "Other names": null, "School Type": "High Schools", "RFP": "Base Scope", "Region": 1, "Year Opened": "1959", "Building SF": " 347,588 ", "Acreage": "31.16", "NCES School ID": "510126000532", "State School ID": "VA-029-0291060", "NCES District ID": "5101260", "State District ID": "VA-029", "NCES School Name": "Madison High", "NCES Street Address": "2500 James Madison Dr", "NCES City": "Vienna", "NCES State": "VA", "NCES ZIP": "22181", "Latitude": 38.896122, "Longitude": -77.278816, "FCPS Notes (Per Leanna's Email on 2\/20\/2026)": null, "field_23": null, "field_24": null }, "geometry": { "type": "Point", "coordinates": [ -77.278816, 38.896122 ] } },
{ "type": "Feature", "properties": { "RFP ID": 137, "FCPS_School ID": 138, "School": "MANTUA ES", "Other names": null, "School Type": "Elementary Schools", "RFP": "Base Scope", "Region": 5, "Year Opened": "1961", "Building SF": " 83,815 ", "Acreage": "11.57", "NCES School ID": "510126000533", "State School ID": "VA-029-0291210", "NCES District ID": "5101260", "State District ID": "VA-029", "NCES School Name": "Mantua Elementary", "NCES Street Address": "9107 Horner Court", "NCES City": "Fairfax", "NCES State": "VA", "NCES ZIP": "22031", "Latitude": 38.8473481, "Longitude": -77.259553, "FCPS Notes (Per Leanna's Email on 2\/20\/2026)": null, "field_23": null, "field_24": null }, "geometry": { "type": "Point", "coordinates": [ -77.259553, 38.8473481 ] } },
{ "type": "Feature", "properties": { "RFP ID": 138, "FCPS_School ID": 70, "School": "MARSHALL HS", "Other names": "George C. Marshall High School", "School Type": "High Schools", "RFP": "Base Scope", "Region": 5, "Year Opened": "1962", "Building SF": " 368,116 ", "Acreage": "46.5", "NCES School ID": "510126000535", "State School ID": "VA-029-0291290", "NCES District ID": "5101260", "State District ID": "VA-029", "NCES School Name": "Marshall High", "NCES Street Address": "7731 Leesburg Pike", "NCES City": "Falls Church", "NCES State": "VA", "NCES ZIP": "22043", "Latitude": 38.9066993, "Longitude": -77.2114802, "FCPS Notes (Per Leanna's Email on 2\/20\/2026)": null, "field_23": null, "field_24": null }, "geometry": { "type": "Point", "coordinates": [ -77.2114802, 38.9066993 ] } },
{ "type": "Feature", "properties": { "RFP ID": 139, "FCPS_School ID": 54, "School": "MARSHALL ROAD ES", "Other names": null, "School Type": "Elementary Schools", "RFP": "Base Scope", "Region": 1, "Year Opened": "1961", "Building SF": " 94,444 ", "Acreage": "11", "NCES School ID": "510126000536", "State School ID": "VA-029-0291200", "NCES District ID": "5101260", "State District ID": "VA-029", "NCES School Name": "Marshall Road Elementary", "NCES Street Address": "730 Marshall Rd SW", "NCES City": "Vienna", "NCES State": "VA", "NCES ZIP": "22180", "Latitude": 38.8822681, "Longitude": -77.2664808, "FCPS Notes (Per Leanna's Email on 2\/20\/2026)": null, "field_23": null, "field_24": null }, "geometry": { "type": "Point", "coordinates": [ -77.2664808, 38.8822681 ] } },
{ "type": "Feature", "properties": { "RFP ID": 140, "FCPS_School ID": 453, "School": "MASON CREST ES", "Other names": null, "School Type": "Elementary Schools", "RFP": "Base Scope", "Region": 2, "Year Opened": "2012", "Building SF": " 98,590 ", "Acreage": "10.91", "NCES School ID": "510126002873", "State School ID": "VA-029-0292410", "NCES District ID": "5101260", "State District ID": "VA-029", "NCES School Name": "Mason Crest Elementary", "NCES Street Address": "3705 Crest Dr", "NCES City": "Annandale", "NCES State": "VA", "NCES ZIP": "22003", "Latitude": 38.8429181, "Longitude": -77.1963216, "FCPS Notes (Per Leanna's Email on 2\/20\/2026)": null, "field_23": null, "field_24": null }, "geometry": { "type": "Point", "coordinates": [ -77.1963216, 38.8429181 ] } },
{ "type": "Feature", "properties": { "RFP ID": 141, "FCPS_School ID": 30, "School": "MCLEAN HS", "Other names": null, "School Type": "High Schools", "RFP": "Base Scope", "Region": 2, "Year Opened": "1955", "Building SF": " 285,612 ", "Acreage": "31.28", "NCES School ID": "510126000538", "State School ID": "VA-029-0290790", "NCES District ID": "5101260", "State District ID": "VA-029", "NCES School Name": "McLean High", "NCES Street Address": "1633 Davidson Rd", "NCES City": "McLean", "NCES State": "VA", "NCES ZIP": "22101", "Latitude": 38.9245888, "Longitude": -77.1843736, "FCPS Notes (Per Leanna's Email on 2\/20\/2026)": null, "field_23": null, "field_24": null }, "geometry": { "type": "Point", "coordinates": [ -77.1843736, 38.9245888 ] } },
{ "type": "Feature", "properties": { "RFP ID": 142, "FCPS_School ID": 335, "School": "MCNAIR ES", "Other names": null, "School Type": "Elementary Schools", "RFP": "Base Scope", "Region": 5, "Year Opened": "2001", "Building SF": " 98,625 ", "Acreage": "15.23", "NCES School ID": "510126002272", "State School ID": "VA-029-0292231", "NCES District ID": "5101260", "State District ID": "VA-029", "NCES School Name": "McNair Elementary", "NCES Street Address": "2499 Thomas Jefferson Dr.", "NCES City": "Herndon", "NCES State": "VA", "NCES ZIP": "20171", "Latitude": 38.946252, "Longitude": -77.404667, "FCPS Notes (Per Leanna's Email on 2\/20\/2026)": null, "field_23": null, "field_24": null }, "geometry": { "type": "Point", "coordinates": [ -77.404667, 38.946252 ] } },
{ "type": "Feature", "properties": { "RFP ID": 145, "FCPS_School ID": 537, "School": "MONTROSE ALTERNATIVE LEARNING CENTER (ALC)", "Other names": null, "School Type": "Other", "RFP": "Base Scope", "Region": 6, "Year Opened": "---", "Building SF": " 12,158 ", "Acreage": "---", "NCES School ID": "Not Found", "State School ID": "Not Found", "NCES District ID": "Not Found", "State District ID": "Not Found", "NCES School Name": "Not Found", "NCES Street Address": "Not Found", "NCES City": "Not Found", "NCES State": "Not Found", "NCES ZIP": "Not Found", "Latitude": 38.8141636, "Longitude": -77.1632554, "FCPS Notes (Per Leanna's Email on 2\/20\/2026)": null, "field_23": null, "field_24": null }, "geometry": { "type": "Point", "coordinates": [ -77.1632554, 38.8141636 ] } },
{ "type": "Feature", "properties": { "RFP ID": 147, "FCPS_School ID": 203, "School": "MOUNT EAGLE ES", "Other names": null, "School Type": "Elementary Schools", "RFP": "Base Scope", "Region": 3, "Year Opened": "1949", "Building SF": " 59,084 ", "Acreage": "6", "NCES School ID": "510126000540", "State School ID": "VA-029-0290510", "NCES District ID": "5101260", "State District ID": "VA-029", "NCES School Name": "Mount Eagle Elementary", "NCES Street Address": "6116 N Kings Hwy", "NCES City": "Alexandria", "NCES State": "VA", "NCES ZIP": "22303", "Latitude": 38.7848679, "Longitude": -77.0785484, "FCPS Notes (Per Leanna's Email on 2\/20\/2026)": null, "field_23": null, "field_24": null }, "geometry": { "type": "Point", "coordinates": [ -77.0785484, 38.7848679 ] } },
{ "type": "Feature", "properties": { "RFP ID": 148, "FCPS_School ID": 220, "School": "MOUNT VERNON HS", "Other names": null, "School Type": "High Schools", "RFP": "Base Scope", "Region": 3, "Year Opened": "1940", "Building SF": " 458,181 ", "Acreage": "41.02", "NCES School ID": "510126000542", "State School ID": "VA-029-0290420", "NCES District ID": "5101260", "State District ID": "VA-029", "NCES School Name": "Mount Vernon High", "NCES Street Address": "8515 Old Mount Vernon Rd", "NCES City": "Alexandria", "NCES State": "VA", "NCES ZIP": "22309", "Latitude": 38.7266519, "Longitude": -77.0929159, "FCPS Notes (Per Leanna's Email on 2\/20\/2026)": null, "field_23": null, "field_24": null }, "geometry": { "type": "Point", "coordinates": [ -77.0929159, 38.7266519 ] } },
{ "type": "Feature", "properties": { "RFP ID": 150, "FCPS_School ID": 432, "School": "MOUNTAIN VIEW HS", "Other names": null, "School Type": "High Schools", "RFP": "Base Scope", "Region": 4, "Year Opened": "1934", "Building SF": " 49,447 ", "Acreage": "11.26", "NCES School ID": "510126001099", "State School ID": "VA-029-0292211", "NCES District ID": "5101260", "State District ID": "VA-029", "NCES School Name": "Mountain View High", "NCES Street Address": "5775 Spindle Ct", "NCES City": "Centreville", "NCES State": "VA", "NCES ZIP": "20121", "Latitude": 38.8370834, "Longitude": -77.4239385, "FCPS Notes (Per Leanna's Email on 2\/20\/2026)": null, "field_23": null, "field_24": null }, "geometry": { "type": "Point", "coordinates": [ -77.4239385, 38.8370834 ] } },
{ "type": "Feature", "properties": { "RFP ID": 151, "FCPS_School ID": 332, "School": "NAVY ES", "Other names": null, "School Type": "Elementary Schools", "RFP": "Base Scope", "Region": 1, "Year Opened": "1956", "Building SF": " 91,862 ", "Acreage": "10.1", "NCES School ID": "510126000544", "State School ID": "VA-029-0290800", "NCES District ID": "5101260", "State District ID": "VA-029", "NCES School Name": "Navy Elementary", "NCES Street Address": "3500 W Ox Rd", "NCES City": "Fairfax", "NCES State": "VA", "NCES ZIP": "22033", "Latitude": 38.8891497, "Longitude": -77.3788272, "FCPS Notes (Per Leanna's Email on 2\/20\/2026)": null, "field_23": null, "field_24": null }, "geometry": { "type": "Point", "coordinates": [ -77.3788272, 38.8891497 ] } },
{ "type": "Feature", "properties": { "RFP ID": 155, "FCPS_School ID": 392, "School": "OAK VIEW ES", "Other names": null, "School Type": "Elementary Schools", "RFP": "Base Scope", "Region": 4, "Year Opened": "1968", "Building SF": " 86,390 ", "Acreage": "10.05", "NCES School ID": "510126000548", "State School ID": "VA-029-0291860", "NCES District ID": "5101260", "State District ID": "VA-029", "NCES School Name": "Oak View Elementary", "NCES Street Address": "5004 Sideburn Rd", "NCES City": "Fairfax", "NCES State": "VA", "NCES ZIP": "22032", "Latitude": 38.8188005, "Longitude": -77.3098265, "FCPS Notes (Per Leanna's Email on 2\/20\/2026)": null, "field_23": null, "field_24": null }, "geometry": { "type": "Point", "coordinates": [ -77.3098265, 38.8188005 ] } },
{ "type": "Feature", "properties": { "RFP ID": 156, "FCPS_School ID": 52, "School": "OAKTON ES", "Other names": null, "School Type": "Elementary Schools", "RFP": "Base Scope", "Region": 1, "Year Opened": "1945", "Building SF": " 90,317 ", "Acreage": "9.29", "NCES School ID": "510126000549", "State School ID": "VA-029-0290140", "NCES District ID": "5101260", "State District ID": "VA-029", "NCES School Name": "Oakton Elementary", "NCES Street Address": "3000 Chain Bridge Rd", "NCES City": "Oakton", "NCES State": "VA", "NCES ZIP": "22124", "Latitude": 38.8800862, "Longitude": -77.3042475, "FCPS Notes (Per Leanna's Email on 2\/20\/2026)": null, "field_23": null, "field_24": null }, "geometry": { "type": "Point", "coordinates": [ -77.3042475, 38.8800862 ] } },
{ "type": "Feature", "properties": { "RFP ID": 158, "FCPS_School ID": 135, "School": "OLDE CREEK ES", "Other names": null, "School Type": "Elementary Schools", "RFP": "Base Scope", "Region": 5, "Year Opened": "1966", "Building SF": " 69,097 ", "Acreage": "10.82", "NCES School ID": "510126000551", "State School ID": "VA-029-0291650", "NCES District ID": "5101260", "State District ID": "VA-029", "NCES School Name": "Olde Creek Elementary", "NCES Street Address": "9524 Old Creek Dr", "NCES City": "Fairfax", "NCES State": "VA", "NCES ZIP": "22032", "Latitude": 38.8312442, "Longitude": -77.276792, "FCPS Notes (Per Leanna's Email on 2\/20\/2026)": null, "field_23": null, "field_24": null }, "geometry": { "type": "Point", "coordinates": [ -77.276792, 38.8312442 ] } },
{ "type": "Feature", "properties": { "RFP ID": 159, "FCPS_School ID": 374, "School": "ORANGE HUNT ES", "Other names": null, "School Type": "Elementary Schools", "RFP": "Base Scope", "Region": 4, "Year Opened": "1974", "Building SF": " 84,852 ", "Acreage": "14.04", "NCES School ID": "510126000552", "State School ID": "VA-029-0290150", "NCES District ID": "5101260", "State District ID": "VA-029", "NCES School Name": "Orange Hunt Elementary", "NCES Street Address": "6820 Sydenstricker Rd", "NCES City": "Springfield", "NCES State": "VA", "NCES ZIP": "22152", "Latitude": 38.7658148, "Longitude": -77.2554606, "FCPS Notes (Per Leanna's Email on 2\/20\/2026)": null, "field_23": null, "field_24": null }, "geometry": { "type": "Point", "coordinates": [ -77.2554606, 38.7658148 ] } },
{ "type": "Feature", "properties": { "RFP ID": 160, "FCPS_School ID": 102, "School": "PARKLAWN ES", "Other names": null, "School Type": "Elementary Schools", "RFP": "Base Scope", "Region": 2, "Year Opened": "1958", "Building SF": " 78,846 ", "Acreage": "10.7", "NCES School ID": "510126000553", "State School ID": "VA-029-0291030", "NCES District ID": "5101260", "State District ID": "VA-029", "NCES School Name": "Parklawn Elementary", "NCES Street Address": "4116 Braddock Rd", "NCES City": "Alexandria", "NCES State": "VA", "NCES ZIP": "22312", "Latitude": 38.8335408, "Longitude": -77.1524709, "FCPS Notes (Per Leanna's Email on 2\/20\/2026)": null, "field_23": null, "field_24": null }, "geometry": { "type": "Point", "coordinates": [ -77.1524709, 38.8335408 ] } },
{ "type": "Feature", "properties": { "RFP ID": 162, "FCPS_School ID": 84, "School": "PINE SPRING ES", "Other names": null, "School Type": "Elementary Schools", "RFP": "Base Scope", "Region": 2, "Year Opened": "1955", "Building SF": " 68,654 ", "Acreage": "11.19", "NCES School ID": "510126000556", "State School ID": "VA-029-0290820", "NCES District ID": "5101260", "State District ID": "VA-029", "NCES School Name": "Pine Spring Elementary", "NCES Street Address": "7607 Willow Ln", "NCES City": "Falls Church", "NCES State": "VA", "NCES ZIP": "22042", "Latitude": 38.8707089, "Longitude": -77.209258, "FCPS Notes (Per Leanna's Email on 2\/20\/2026)": null, "field_23": null, "field_24": null }, "geometry": { "type": "Point", "coordinates": [ -77.209258, 38.8707089 ] } },
{ "type": "Feature", "properties": { "RFP ID": 164, "FCPS_School ID": 141, "School": "POE MS", "Other names": null, "School Type": "Middle Schools", "RFP": "Base Scope", "Region": 6, "Year Opened": "1960", "Building SF": " 178,500 ", "Acreage": "25.52", "NCES School ID": "510126000557", "State School ID": "VA-029-0291130", "NCES District ID": "5101260", "State District ID": "VA-029", "NCES School Name": "Poe Middle", "NCES Street Address": "7000 Cindy Ln", "NCES City": "Annandale", "NCES State": "VA", "NCES ZIP": "22003", "Latitude": 38.8205321, "Longitude": -77.1854715, "FCPS Notes (Per Leanna's Email on 2\/20\/2026)": null, "field_23": null, "field_24": null }, "geometry": { "type": "Point", "coordinates": [ -77.1854715, 38.8205321 ] } },
{ "type": "Feature", "properties": { "RFP ID": 166, "FCPS_School ID": 431, "School": "POWELL ES", "Other names": "Colin L. Powell Elementary School", "School Type": "Elementary Schools", "RFP": "Base Scope", "Region": 4, "Year Opened": "2003", "Building SF": " 98,590 ", "Acreage": "17.07", "NCES School ID": "510126002336", "State School ID": "VA-029-0292237", "NCES District ID": "5101260", "State District ID": "VA-029", "NCES School Name": "Powell Elementary", "NCES Street Address": "13340 Leland Rd.", "NCES City": "Centreville", "NCES State": "VA", "NCES ZIP": "20120", "Latitude": 38.8456553, "Longitude": -77.4081561, "FCPS Notes (Per Leanna's Email on 2\/20\/2026)": null, "field_23": null, "field_24": null }, "geometry": { "type": "Point", "coordinates": [ -77.4081561, 38.8456553 ] } },
{ "type": "Feature", "properties": { "RFP ID": 167, "FCPS_School ID": 396, "School": "PROVIDENCE ES*", "Other names": null, "School Type": "Elementary Schools", "RFP": "Base Scope", "Region": 5, "Year Opened": "1956", "Building SF": " 99,601 ", "Acreage": "19.5", "NCES School ID": "Not Found", "State School ID": "Not Found", "NCES District ID": "Not Found", "State District ID": "Not Found", "NCES School Name": "Not Found", "NCES Street Address": "Not Found", "NCES City": "Not Found", "NCES State": "Not Found", "NCES ZIP": "Not Found", "Latitude": 38.863919, "Longitude": -77.326071, "FCPS Notes (Per Leanna's Email on 2\/20\/2026)": null, "field_23": null, "field_24": null }, "geometry": { "type": "Point", "coordinates": [ -77.326071, 38.863919 ] } },
{ "type": "Feature", "properties": { "RFP ID": 168, "FCPS_School ID": 215, "School": "PULLEY CAREER CENTER", "Other names": null, "School Type": "Other", "RFP": "Base Scope", "Region": 3, "Year Opened": "---", "Building SF": " 27,381 ", "Acreage": "---", "NCES School ID": "510126002033", "State School ID": "VA-029-0290901", "NCES District ID": "5101260", "State District ID": "VA-029", "NCES School Name": "Pulley Career Center", "NCES Street Address": "6500 Quander Rd", "NCES City": "Alexandria", "NCES State": "VA", "NCES ZIP": "22307", "Latitude": 38.7735998, "Longitude": -77.0728652, "FCPS Notes (Per Leanna's Email on 2\/20\/2026)": null, "field_23": null, "field_24": null }, "geometry": { "type": "Point", "coordinates": [ -77.0728652, 38.7735998 ] } },
{ "type": "Feature", "properties": { "RFP ID": 169, "FCPS_School ID": 204, "School": "QUANDER ROAD SCHOOL", "Other names": null, "School Type": "Other", "RFP": "Base Scope", "Region": 3, "Year Opened": "1966", "Building SF": " 49,646 ", "Acreage": "10.09", "NCES School ID": "510126000558", "State School ID": "VA-029-0291750", "NCES District ID": "5101260", "State District ID": "VA-029", "NCES School Name": "Quander Road School", "NCES Street Address": "6400 Quander Rd", "NCES City": "Alexandria", "NCES State": "VA", "NCES ZIP": "22307", "Latitude": 38.7787945, "Longitude": -77.0711967, "FCPS Notes (Per Leanna's Email on 2\/20\/2026)": null, "field_23": null, "field_24": null }, "geometry": { "type": "Point", "coordinates": [ -77.0711967, 38.7787945 ] } },
{ "type": "Feature", "properties": { "RFP ID": 172, "FCPS_School ID": 226, "School": "RIVERSIDE ES", "Other names": null, "School Type": "Elementary Schools", "RFP": "Base Scope", "Region": 3, "Year Opened": "1968", "Building SF": " 81,411 ", "Acreage": "11.02", "NCES School ID": "510126000560", "State School ID": "VA-029-0291820", "NCES District ID": "5101260", "State District ID": "VA-029", "NCES School Name": "Riverside Elementary", "NCES Street Address": "8410 Old Mount Vernon Rd", "NCES City": "Alexandria", "NCES State": "VA", "NCES ZIP": "22309", "Latitude": 38.7296002, "Longitude": -77.0945777, "FCPS Notes (Per Leanna's Email on 2\/20\/2026)": null, "field_23": null, "field_24": null }, "geometry": { "type": "Point", "coordinates": [ -77.0945777, 38.7296002 ] } },
{ "type": "Feature", "properties": { "RFP ID": 173, "FCPS_School ID": 390, "School": "ROBINSON HS", "Other names": "James W Robinson, Jr. Secondary School", "School Type": "High Schools", "RFP": "Base Scope", "Region": 4, "Year Opened": "1971", "Building SF": " 367,153 ", "Acreage": "78.4", "NCES School ID": "510126000561", "State School ID": "VA-029-0291960", "NCES District ID": "5101260", "State District ID": "VA-029", "NCES School Name": "Robinson Secondary", "NCES Street Address": "5035 Sideburn Rd", "NCES City": "Fairfax", "NCES State": "VA", "NCES ZIP": "22032", "Latitude": 38.8172431, "Longitude": -77.304441, "FCPS Notes (Per Leanna's Email on 2\/20\/2026)": null, "field_23": null, "field_24": null }, "geometry": { "type": "Point", "coordinates": [ -77.304441, 38.8172431 ] } },
{ "type": "Feature", "properties": { "RFP ID": 174, "FCPS_School ID": 391, "School": "ROBINSON MS", "Other names": "James W Robinson, Jr. Secondary School", "School Type": "Middle Schools", "RFP": "Base Scope", "Region": 4, "Year Opened": "1971", "Building SF": " 165,000 ", "Acreage": "78.4", "NCES School ID": "Not Found", "State School ID": "Not Found", "NCES District ID": "Not Found", "State District ID": "Not Found", "NCES School Name": "Not Found", "NCES Street Address": "Not Found", "NCES City": "Not Found", "NCES State": "Not Found", "NCES ZIP": "Not Found", "Latitude": 38.8172431, "Longitude": -77.304441, "FCPS Notes (Per Leanna's Email on 2\/20\/2026)": null, "field_23": null, "field_24": null }, "geometry": { "type": "Point", "coordinates": [ -77.304441, 38.8172431 ] } },
{ "type": "Feature", "properties": { "RFP ID": 176, "FCPS_School ID": 156, "School": "ROLLING VALLEY ES", "Other names": null, "School Type": "Elementary Schools", "RFP": "Base Scope", "Region": 4, "Year Opened": "1967", "Building SF": " 77,528 ", "Acreage": "10.09", "NCES School ID": "510126000562", "State School ID": "VA-029-0291770", "NCES District ID": "5101260", "State District ID": "VA-029", "NCES School Name": "Rolling Valley Elementary", "NCES Street Address": "6703 Barnack Dr", "NCES City": "Springfield", "NCES State": "VA", "NCES ZIP": "22152", "Latitude": 38.7688979, "Longitude": -77.2308156, "FCPS Notes (Per Leanna's Email on 2\/20\/2026)": null, "field_23": null, "field_24": null }, "geometry": { "type": "Point", "coordinates": [ -77.2308156, 38.7688979 ] } },
{ "type": "Feature", "properties": { "RFP ID": 177, "FCPS_School ID": 194, "School": "ROSE HILL ES", "Other names": null, "School Type": "Elementary Schools", "RFP": "Base Scope", "Region": 3, "Year Opened": "1957", "Building SF": " 83,976 ", "Acreage": "11.19", "NCES School ID": "510126000563", "State School ID": "VA-029-0290950", "NCES District ID": "5101260", "State District ID": "VA-029", "NCES School Name": "Rose Hill Elementary", "NCES Street Address": "6301 Rose Hill Dr", "NCES City": "Alexandria", "NCES State": "VA", "NCES ZIP": "22310", "Latitude": 38.7819347, "Longitude": -77.1165157, "FCPS Notes (Per Leanna's Email on 2\/20\/2026)": null, "field_23": null, "field_24": null }, "geometry": { "type": "Point", "coordinates": [ -77.1165157, 38.7819347 ] } },
{ "type": "Feature", "properties": { "RFP ID": 181, "FCPS_School ID": 83, "School": "SHREVEWOOD ES", "Other names": null, "School Type": "Elementary Schools", "RFP": "Base Scope", "Region": 5, "Year Opened": "1966", "Building SF": " 69,480 ", "Acreage": "13.42", "NCES School ID": "510126000564", "State School ID": "VA-029-0291660", "NCES District ID": "5101260", "State District ID": "VA-029", "NCES School Name": "Shrevewood Elementary", "NCES Street Address": "7525 Shreve Rd", "NCES City": "Falls Church", "NCES State": "VA", "NCES ZIP": "22043", "Latitude": 38.8883029, "Longitude": -77.2056647, "FCPS Notes (Per Leanna's Email on 2\/20\/2026)": null, "field_23": null, "field_24": null }, "geometry": { "type": "Point", "coordinates": [ -77.2056647, 38.8883029 ] } },
{ "type": "Feature", "properties": { "RFP ID": 184, "FCPS_School ID": 106, "School": "SLEEPY HOLLOW ES", "Other names": null, "School Type": "Elementary Schools", "RFP": "Base Scope", "Region": 2, "Year Opened": "1954", "Building SF": " 72,361 ", "Acreage": "10", "NCES School ID": "510126000565", "State School ID": "VA-029-0290710", "NCES District ID": "5101260", "State District ID": "VA-029", "NCES School Name": "Sleepy Hollow Elementary", "NCES Street Address": "3333 Sleepy Hollow Rd", "NCES City": "Falls Church", "NCES State": "VA", "NCES ZIP": "22044", "Latitude": 38.8558735, "Longitude": -77.1682878, "FCPS Notes (Per Leanna's Email on 2\/20\/2026)": null, "field_23": null, "field_24": null }, "geometry": { "type": "Point", "coordinates": [ -77.1682878, 38.8558735 ] } },
{ "type": "Feature", "properties": { "RFP ID": 186, "FCPS_School ID": 420, "School": "SOUTH COUNTY HS", "Other names": null, "School Type": "High Schools", "RFP": "Base Scope", "Region": 4, "Year Opened": "2005", "Building SF": " 377,832 ", "Acreage": "69.39", "NCES School ID": "510126002436", "State School ID": "VA-029-0292241", "NCES District ID": "5101260", "State District ID": "VA-029", "NCES School Name": "South County High", "NCES Street Address": "8501 Silverbrook Road", "NCES City": "Lorton", "NCES State": "VA", "NCES ZIP": "22079", "Latitude": 38.7174282, "Longitude": -77.2385395, "FCPS Notes (Per Leanna's Email on 2\/20\/2026)": null, "field_23": null, "field_24": null }, "geometry": { "type": "Point", "coordinates": [ -77.2385395, 38.7174282 ] } },
{ "type": "Feature", "properties": { "RFP ID": 187, "FCPS_School ID": 422, "School": "SOUTH COUNTY MS", "Other names": null, "School Type": "Middle Schools", "RFP": "Base Scope", "Region": 4, "Year Opened": "2012", "Building SF": " 176,021 ", "Acreage": "37", "NCES School ID": "510126002871", "State School ID": "VA-029-0292420", "NCES District ID": "5101260", "State District ID": "VA-029", "NCES School Name": "South County Middle", "NCES Street Address": "8700 Laurel Crest Dr.", "NCES City": "Lorton", "NCES State": "VA", "NCES ZIP": "22079", "Latitude": 38.7191117, "Longitude": -77.2402966, "FCPS Notes (Per Leanna's Email on 2\/20\/2026)": null, "field_23": null, "field_24": null }, "geometry": { "type": "Point", "coordinates": [ -77.2402966, 38.7191117 ] } },
{ "type": "Feature", "properties": { "RFP ID": 188, "FCPS_School ID": 320, "School": "SOUTH LAKES HS", "Other names": null, "School Type": "High Schools", "RFP": "Base Scope", "Region": 1, "Year Opened": "1978", "Building SF": " 363,455 ", "Acreage": "60", "NCES School ID": "510126000566", "State School ID": "VA-029-0291990", "NCES District ID": "5101260", "State District ID": "VA-029", "NCES School Name": "South Lakes High", "NCES Street Address": "11400 South Lakes Dr", "NCES City": "Reston", "NCES State": "VA", "NCES ZIP": "20191", "Latitude": 38.9330403, "Longitude": -77.3403391, "FCPS Notes (Per Leanna's Email on 2\/20\/2026)": null, "field_23": null, "field_24": null }, "geometry": { "type": "Point", "coordinates": [ -77.3403391, 38.9330403 ] } },
{ "type": "Feature", "properties": { "RFP ID": 190, "FCPS_School ID": 18, "School": "SPRING HILL ES", "Other names": null, "School Type": "Elementary Schools", "RFP": "Base Scope", "Region": 1, "Year Opened": "1965", "Building SF": " 106,458 ", "Acreage": "13", "NCES School ID": "510126000567", "State School ID": "VA-029-0291620", "NCES District ID": "5101260", "State District ID": "VA-029", "NCES School Name": "Spring Hill Elementary", "NCES Street Address": "8201 Lewinsville Rd", "NCES City": "McLean", "NCES State": "VA", "NCES ZIP": "22102", "Latitude": 38.9391886, "Longitude": -77.2284174, "FCPS Notes (Per Leanna's Email on 2\/20\/2026)": null, "field_23": null, "field_24": null }, "geometry": { "type": "Point", "coordinates": [ -77.2284174, 38.9391886 ] } },
{ "type": "Feature", "properties": { "RFP ID": 192, "FCPS_School ID": 65, "School": "STENWOOD ES", "Other names": null, "School Type": "Elementary Schools", "RFP": "Base Scope", "Region": 5, "Year Opened": "1964", "Building SF": " 70,109 ", "Acreage": "10", "NCES School ID": "510126000569", "State School ID": "VA-029-0291380", "NCES District ID": "5101260", "State District ID": "VA-029", "NCES School Name": "Stenwood Elementary", "NCES Street Address": "2620 Gallows Rd", "NCES City": "Vienna", "NCES State": "VA", "NCES ZIP": "22180", "Latitude": 38.8845065, "Longitude": -77.2293786, "FCPS Notes (Per Leanna's Email on 2\/20\/2026)": null, "field_23": null, "field_24": null }, "geometry": { "type": "Point", "coordinates": [ -77.2293786, 38.8845065 ] } },
{ "type": "Feature", "properties": { "RFP ID": 193, "FCPS_School ID": 241, "School": "STONE MS", "Other names": "Ormond Stone Middle School", "School Type": "Middle Schools", "RFP": "Base Scope", "Region": 5, "Year Opened": "1991", "Building SF": " 157,263 ", "Acreage": "24.83", "NCES School ID": "510126000086", "State School ID": "VA-029-0292070", "NCES District ID": "5101260", "State District ID": "VA-029", "NCES School Name": "Stone Middle", "NCES Street Address": "5500 Sully Park Dr.", "NCES City": "Centreville", "NCES State": "VA", "NCES ZIP": "20120", "Latitude": 38.8576778, "Longitude": -77.4549629, "FCPS Notes (Per Leanna's Email on 2\/20\/2026)": null, "field_23": null, "field_24": null }, "geometry": { "type": "Point", "coordinates": [ -77.4549629, 38.8576778 ] } },
{ "type": "Feature", "properties": { "RFP ID": 201, "FCPS_School ID": 82, "School": "TIMBER LANE ES", "Other names": null, "School Type": "Elementary Schools", "RFP": "Base Scope", "Region": 2, "Year Opened": "1955", "Building SF": " 80,709 ", "Acreage": "10.14", "NCES School ID": "510126000575", "State School ID": "VA-029-0290830", "NCES District ID": "5101260", "State District ID": "VA-029", "NCES School Name": "Timber Lane Elementary", "NCES Street Address": "2737 West St", "NCES City": "Falls Church", "NCES State": "VA", "NCES ZIP": "22046", "Latitude": 38.8797149, "Longitude": -77.197759, "FCPS Notes (Per Leanna's Email on 2\/20\/2026)": null, "field_23": null, "field_24": null }, "geometry": { "type": "Point", "coordinates": [ -77.197759, 38.8797149 ] } },
{ "type": "Feature", "properties": { "RFP ID": 204, "FCPS_School ID": 62, "School": "VIENNA ES", "Other names": null, "School Type": "Elementary Schools", "RFP": "Base Scope", "Region": 1, "Year Opened": "1923", "Building SF": " 74,904 ", "Acreage": "15.19", "NCES School ID": "510126000577", "State School ID": "VA-029-0290120", "NCES District ID": "5101260", "State District ID": "VA-029", "NCES School Name": "Vienna Elementary", "NCES Street Address": "128 Center St S", "NCES City": "Vienna", "NCES State": "VA", "NCES ZIP": "22180", "Latitude": 38.9010919, "Longitude": -77.2631447, "FCPS Notes (Per Leanna's Email on 2\/20\/2026)": null, "field_23": null, "field_24": null }, "geometry": { "type": "Point", "coordinates": [ -77.2631447, 38.9010919 ] } },
{ "type": "Feature", "properties": { "RFP ID": 211, "FCPS_School ID": 200, "School": "WEST POTOMAC HS", "Other names": null, "School Type": "High Schools", "RFP": "Base Scope", "Region": 3, "Year Opened": "1960", "Building SF": " 459,831 ", "Acreage": "44.78", "NCES School ID": "510126000489", "State School ID": "VA-029-0290900", "NCES District ID": "5101260", "State District ID": "VA-029", "NCES School Name": "West Potomac High", "NCES Street Address": "6500 Quander Rd", "NCES City": "Alexandria", "NCES State": "VA", "NCES ZIP": "22307", "Latitude": 38.7735998, "Longitude": -77.0728652, "FCPS Notes (Per Leanna's Email on 2\/20\/2026)": null, "field_23": null, "field_24": null }, "geometry": { "type": "Point", "coordinates": [ -77.0728652, 38.7735998 ] } },
{ "type": "Feature", "properties": { "RFP ID": 212, "FCPS_School ID": 152, "School": "WEST SPRINGFIELD ES", "Other names": null, "School Type": "Elementary Schools", "RFP": "Base Scope", "Region": 4, "Year Opened": "1965", "Building SF": " 65,001 ", "Acreage": "10.03", "NCES School ID": "510126000584", "State School ID": "VA-029-0291430", "NCES District ID": "5101260", "State District ID": "VA-029", "NCES School Name": "West Springfield Elementary", "NCES Street Address": "6802 Deland Dr", "NCES City": "Springfield", "NCES State": "VA", "NCES ZIP": "22152", "Latitude": 38.7862346, "Longitude": -77.2403197, "FCPS Notes (Per Leanna's Email on 2\/20\/2026)": null, "field_23": null, "field_24": null }, "geometry": { "type": "Point", "coordinates": [ -77.2403197, 38.7862346 ] } },
{ "type": "Feature", "properties": { "RFP ID": 214, "FCPS_School ID": 48, "School": "WESTBRIAR ES", "Other names": null, "School Type": "Elementary Schools", "RFP": "Base Scope", "Region": 5, "Year Opened": "1965", "Building SF": " 88,472 ", "Acreage": "10.03", "NCES School ID": "510126000586", "State School ID": "VA-029-0291580", "NCES District ID": "5101260", "State District ID": "VA-029", "NCES School Name": "Westbriar Elementary", "NCES Street Address": "1741 Pine Valley Dr", "NCES City": "Vienna", "NCES State": "VA", "NCES ZIP": "22182", "Latitude": 38.9210263, "Longitude": -77.2454959, "FCPS Notes (Per Leanna's Email on 2\/20\/2026)": null, "field_23": null, "field_24": null }, "geometry": { "type": "Point", "coordinates": [ -77.2454959, 38.9210263 ] } },
{ "type": "Feature", "properties": { "RFP ID": 215, "FCPS_School ID": 240, "School": "WESTFIELD HS", "Other names": null, "School Type": "High Schools", "RFP": "Base Scope", "Region": 5, "Year Opened": "2000", "Building SF": " 422,298 ", "Acreage": "76.3", "NCES School ID": "510126002529", "State School ID": "VA-029-0292228", "NCES District ID": "5101260", "State District ID": "VA-029", "NCES School Name": "Westfield High", "NCES Street Address": "4700 Stonecroft Bv", "NCES City": "Chantilly", "NCES State": "VA", "NCES ZIP": "20151", "Latitude": 38.8851597, "Longitude": -77.4642303, "FCPS Notes (Per Leanna's Email on 2\/20\/2026)": null, "field_23": null, "field_24": null }, "geometry": { "type": "Point", "coordinates": [ -77.4642303, 38.8851597 ] } },
{ "type": "Feature", "properties": { "RFP ID": 217, "FCPS_School ID": 95, "School": "WESTLAWN ES", "Other names": null, "School Type": "Elementary Schools", "RFP": "Base Scope", "Region": 2, "Year Opened": "1952", "Building SF": " 93,749 ", "Acreage": "8.71", "NCES School ID": "510126000588", "State School ID": "VA-029-0290580", "NCES District ID": "5101260", "State District ID": "VA-029", "NCES School Name": "Westlawn Elementary", "NCES Street Address": "3200 Westley Rd", "NCES City": "Falls Church", "NCES State": "VA", "NCES ZIP": "22042", "Latitude": 38.8626144, "Longitude": -77.1826649, "FCPS Notes (Per Leanna's Email on 2\/20\/2026)": null, "field_23": null, "field_24": null }, "geometry": { "type": "Point", "coordinates": [ -77.1826649, 38.8626144 ] } },
{ "type": "Feature", "properties": { "RFP ID": 218, "FCPS_School ID": 112, "School": "WEYANOKE ES", "Other names": null, "School Type": "Elementary Schools", "RFP": "Base Scope", "Region": 6, "Year Opened": "1949", "Building SF": " 78,103 ", "Acreage": "10", "NCES School ID": "510126000590", "State School ID": "VA-029-0290520", "NCES District ID": "5101260", "State District ID": "VA-029", "NCES School Name": "Weyanoke Elementary", "NCES Street Address": "6520 Braddock Rd", "NCES City": "Alexandria", "NCES State": "VA", "NCES ZIP": "22312", "Latitude": 38.8196288, "Longitude": -77.166131, "FCPS Notes (Per Leanna's Email on 2\/20\/2026)": null, "field_23": null, "field_24": null }, "geometry": { "type": "Point", "coordinates": [ -77.166131, 38.8196288 ] } },
{ "type": "Feature", "properties": { "RFP ID": 220, "FCPS_School ID": 221, "School": "WHITMAN MS", "Other names": null, "School Type": "Middle Schools", "RFP": "Base Scope", "Region": 3, "Year Opened": "1965", "Building SF": " 166,633 ", "Acreage": "19.99", "NCES School ID": "510126000475", "State School ID": "VA-029-0291550", "NCES District ID": "5101260", "State District ID": "VA-029", "NCES School Name": "Whitman Middle", "NCES Street Address": "2500 Parkers Ln", "NCES City": "Alexandria", "NCES State": "VA", "NCES ZIP": "22306", "Latitude": 38.7415095, "Longitude": -77.0744343, "FCPS Notes (Per Leanna's Email on 2\/20\/2026)": null, "field_23": null, "field_24": null }, "geometry": { "type": "Point", "coordinates": [ -77.0744343, 38.7415095 ] } },
{ "type": "Feature", "properties": { "RFP ID": 224, "FCPS_School ID": 42, "School": "WOLFTRAP ES", "Other names": null, "School Type": "Elementary Schools", "RFP": "Base Scope", "Region": 1, "Year Opened": "1968", "Building SF": " 74,436 ", "Acreage": "10.26", "NCES School ID": "510126000594", "State School ID": "VA-029-0291810", "NCES District ID": "5101260", "State District ID": "VA-029", "NCES School Name": "Wolftrap Elementary", "NCES Street Address": "1903 Beulah Rd", "NCES City": "Vienna", "NCES State": "VA", "NCES ZIP": "22182", "Latitude": 38.9177892, "Longitude": -77.2664202, "FCPS Notes (Per Leanna's Email on 2\/20\/2026)": null, "field_23": null, "field_24": null }, "geometry": { "type": "Point", "coordinates": [ -77.2664202, 38.9177892 ] } },
{ "type": "Feature", "properties": { "RFP ID": 225, "FCPS_School ID": 452, "School": "WOODBURN ES", "Other names": null, "School Type": "Elementary Schools", "RFP": "Base Scope", "Region": 2, "Year Opened": "1953", "Building SF": " 64,735 ", "Acreage": "10", "NCES School ID": "510126000597", "State School ID": "VA-029-0290650", "NCES District ID": "5101260", "State District ID": "VA-029", "NCES School Name": "Woodburn Elementary", "NCES Street Address": "3401 Hemlock Dr", "NCES City": "Falls Church", "NCES State": "VA", "NCES ZIP": "22042", "Latitude": 38.8519037, "Longitude": -77.2135699, "FCPS Notes (Per Leanna's Email on 2\/20\/2026)": null, "field_23": null, "field_24": null }, "geometry": { "type": "Point", "coordinates": [ -77.2135699, 38.8519037 ] } },
{ "type": "Feature", "properties": { "RFP ID": 227, "FCPS_School ID": 229, "School": "WOODLEY HILLS ES", "Other names": null, "School Type": "Elementary Schools", "RFP": "Base Scope", "Region": 3, "Year Opened": "1952", "Building SF": " 78,268 ", "Acreage": "10.15", "NCES School ID": "510126000599", "State School ID": "VA-029-0290590", "NCES District ID": "5101260", "State District ID": "VA-029", "NCES School Name": "Woodley Hills Elementary", "NCES Street Address": "8718 Old Mt Vernon Rd", "NCES City": "Alexandria", "NCES State": "VA", "NCES ZIP": "22309", "Latitude": 38.7205447, "Longitude": -77.0970953, "FCPS Notes (Per Leanna's Email on 2\/20\/2026)": null, "field_23": null, "field_24": null }, "geometry": { "type": "Point", "coordinates": [ -77.0970953, 38.7205447 ] } },
{ "type": "Feature", "properties": { "RFP ID": 229, "FCPS_School ID": 130, "School": "WOODSON HS", "Other names": null, "School Type": "High Schools", "RFP": "Base Scope", "Region": 5, "Year Opened": "1962", "Building SF": " 388,533 ", "Acreage": "95.14", "NCES School ID": "510126000600", "State School ID": "VA-029-0291260", "NCES District ID": "5101260", "State District ID": "VA-029", "NCES School Name": "Woodson High", "NCES Street Address": "9525 Main St", "NCES City": "Fairfax", "NCES State": "VA", "NCES ZIP": "22031", "Latitude": 38.8399092, "Longitude": -77.275176, "FCPS Notes (Per Leanna's Email on 2\/20\/2026)": null, "field_23": null, "field_24": null }, "geometry": { "type": "Point", "coordinates": [ -77.275176, 38.8399092 ] } },
{ "type": "Feature", "properties": { "RFP ID": 3, "FCPS_School ID": 144, "School": "ANNANDALE TERRACE ES", "Other names": null, "School Type": "Elementary Schools", "RFP": "Add Alt #1", "Region": 6, "Year Opened": "1964", "Building SF": " 101,044 ", "Acreage": null, "NCES School ID": "510126000424", "State School ID": "VA-029-0291360", "NCES District ID": "5101260", "State District ID": "VA-029", "NCES School Name": "Annandale Terrace Elementary", "NCES Street Address": "7604 Herald St", "NCES City": "Annandale", "NCES State": "VA", "NCES ZIP": "22003", "Latitude": 38.8275551, "Longitude": -77.2085394, "FCPS Notes (Per Leanna's Email on 2\/20\/2026)": null, "field_23": null, "field_24": null }, "geometry": { "type": "Point", "coordinates": [ -77.2085394, 38.8275551 ] } },
{ "type": "Feature", "properties": { "RFP ID": 4, "FCPS_School ID": 304, "School": "ARMSTRONG ES", "Other names": null, "School Type": "Elementary Schools", "RFP": "Add Alt #2", "Region": 1, "Year Opened": "1986", "Building SF": " 107,069 ", "Acreage": null, "NCES School ID": "510126002058", "State School ID": "VA-029-0291530", "NCES District ID": "5101260", "State District ID": "VA-029", "NCES School Name": "Armstrong Elementary", "NCES Street Address": "11900 Lake Newport Rd", "NCES City": "Reston", "NCES State": "VA", "NCES ZIP": "20194", "Latitude": 38.9803141, "Longitude": -77.3586428, "FCPS Notes (Per Leanna's Email on 2\/20\/2026)": null, "field_23": null, "field_24": null }, "geometry": { "type": "Point", "coordinates": [ -77.3586428, 38.9803141 ] } },
{ "type": "Feature", "properties": { "RFP ID": 8, "FCPS_School ID": 202, "School": "BELLE VIEW ES", "Other names": null, "School Type": "Elementary Schools", "RFP": "Add Alt #1", "Region": 3, "Year Opened": "1952", "Building SF": " 97,304 ", "Acreage": null, "NCES School ID": "510126000429", "State School ID": "VA-029-0290560", "NCES District ID": "5101260", "State District ID": "VA-029", "NCES School Name": "Belle View Elementary", "NCES Street Address": "6701 Fort Hunt Rd", "NCES City": "Alexandria", "NCES State": "VA", "NCES ZIP": "22307", "Latitude": 38.7725179, "Longitude": -77.0611235, "FCPS Notes (Per Leanna's Email on 2\/20\/2026)": null, "field_23": null, "field_24": null }, "geometry": { "type": "Point", "coordinates": [ -77.0611235, 38.7725179 ] } },
{ "type": "Feature", "properties": { "RFP ID": 10, "FCPS_School ID": 395, "School": "BONNIE BRAE ES", "Other names": null, "School Type": "Elementary Schools", "RFP": "Add Alt #2", "Region": 4, "Year Opened": "1988", "Building SF": " 126,499 ", "Acreage": null, "NCES School ID": "510126002116", "State School ID": "VA-029-0292000", "NCES District ID": "5101260", "State District ID": "VA-029", "NCES School Name": "Bonnie Brae Elementary", "NCES Street Address": "5420 Sideburn Rd", "NCES City": "Fairfax", "NCES State": "VA", "NCES ZIP": "22032", "Latitude": 38.8024322, "Longitude": -77.3101855, "FCPS Notes (Per Leanna's Email on 2\/20\/2026)": null, "field_23": null, "field_24": null }, "geometry": { "type": "Point", "coordinates": [ -77.3101855, 38.8024322 ] } },
{ "type": "Feature", "properties": { "RFP ID": 11, "FCPS_School ID": 147, "School": "BRADDOCK ES", "Other names": null, "School Type": "Elementary Schools", "RFP": "Add Alt #1", "Region": 6, "Year Opened": "1959", "Building SF": " 108,690 ", "Acreage": null, "NCES School ID": "510126000431", "State School ID": "VA-029-0291090", "NCES District ID": "5101260", "State District ID": "VA-029", "NCES School Name": "Braddock Elementary", "NCES Street Address": "7825 Heritage Dr", "NCES City": "Annandale", "NCES State": "VA", "NCES ZIP": "22003", "Latitude": 38.8228453, "Longitude": -77.2153664, "FCPS Notes (Per Leanna's Email on 2\/20\/2026)": null, "field_23": null, "field_24": null }, "geometry": { "type": "Point", "coordinates": [ -77.2153664, 38.8228453 ] } },
{ "type": "Feature", "properties": { "RFP ID": 12, "FCPS_School ID": 114, "School": "BREN MAR PARK ES", "Other names": null, "School Type": "Elementary Schools", "RFP": "Add Alt #2", "Region": 6, "Year Opened": "1957", "Building SF": " 111,307 ", "Acreage": null, "NCES School ID": "510126000073", "State School ID": "VA-029-0290940", "NCES District ID": "5101260", "State District ID": "VA-029", "NCES School Name": "Bren Mar Park Elementary", "NCES Street Address": "6344 Beryl Rd", "NCES City": "Alexandria", "NCES State": "VA", "NCES ZIP": "22312", "Latitude": 38.8025086, "Longitude": -77.1567848, "FCPS Notes (Per Leanna's Email on 2\/20\/2026)": null, "field_23": null, "field_24": null }, "geometry": { "type": "Point", "coordinates": [ -77.1567848, 38.8025086 ] } },
{ "type": "Feature", "properties": { "RFP ID": 13, "FCPS_School ID": 263, "School": "BROOKFIELD ES", "Other names": null, "School Type": "Elementary Schools", "RFP": "Add Alt #2", "Region": 5, "Year Opened": "1967", "Building SF": " 122,680 ", "Acreage": null, "NCES School ID": "510126000433", "State School ID": "VA-029-0291790", "NCES District ID": "5101260", "State District ID": "VA-029", "NCES School Name": "Brookfield Elementary", "NCES Street Address": "4200 Lees Corner Rd", "NCES City": "Chantilly", "NCES State": "VA", "NCES ZIP": "20151", "Latitude": 38.8821988, "Longitude": -77.4189171, "FCPS Notes (Per Leanna's Email on 2\/20\/2026)": null, "field_23": null, "field_24": null }, "geometry": { "type": "Point", "coordinates": [ -77.4189171, 38.8821988 ] } },
{ "type": "Feature", "properties": { "RFP ID": 15, "FCPS_School ID": 207, "School": "BUCKNELL ES", "Other names": null, "School Type": "Elementary Schools", "RFP": "Add Alt #1", "Region": 3, "Year Opened": "1954", "Building SF": " 96,820 ", "Acreage": null, "NCES School ID": "510126000435", "State School ID": "VA-029-0290700", "NCES District ID": "5101260", "State District ID": "VA-029", "NCES School Name": "Bucknell Elementary", "NCES Street Address": "6925 University Dr", "NCES City": "Alexandria", "NCES State": "VA", "NCES ZIP": "22307", "Latitude": 38.7668919, "Longitude": -77.0740746, "FCPS Notes (Per Leanna's Email on 2\/20\/2026)": null, "field_23": null, "field_24": null }, "geometry": { "type": "Point", "coordinates": [ -77.0740746, 38.7668919 ] } },
{ "type": "Feature", "properties": { "RFP ID": 25, "FCPS_School ID": 436, "School": "CENTRE RIDGE ES", "Other names": null, "School Type": "Elementary Schools", "RFP": "Add Alt #2", "Region": 4, "Year Opened": "1990", "Building SF": " 98,301 ", "Acreage": null, "NCES School ID": "510126002183", "State School ID": "VA-029-0292090", "NCES District ID": "5101260", "State District ID": "VA-029", "NCES School Name": "Centre Ridge Elementary", "NCES Street Address": "14400 New Braddock Rd", "NCES City": "Centreville", "NCES State": "VA", "NCES ZIP": "20121", "Latitude": 38.8259918, "Longitude": -77.4461737, "FCPS Notes (Per Leanna's Email on 2\/20\/2026)": null, "field_23": null, "field_24": null }, "geometry": { "type": "Point", "coordinates": [ -77.4461737, 38.8259918 ] } },
{ "type": "Feature", "properties": { "RFP ID": 27, "FCPS_School ID": 410, "School": "CENTREVILLE HS", "Other names": null, "School Type": "High Schools", "RFP": "Add Alt #2", "Region": 4, "Year Opened": "1988", "Building SF": " 325,951 ", "Acreage": "36.4", "NCES School ID": "510126002114", "State School ID": "VA-029-0290200", "NCES District ID": "5101260", "State District ID": "VA-029", "NCES School Name": "Centreville High", "NCES Street Address": "6001 Union Mill Rd", "NCES City": "Clifton", "NCES State": "VA", "NCES ZIP": "20124", "Latitude": 38.82481, "Longitude": -77.410865, "FCPS Notes (Per Leanna's Email on 2\/20\/2026)": null, "field_23": null, "field_24": null }, "geometry": { "type": "Point", "coordinates": [ -77.410865, 38.82481 ] } },
{ "type": "Feature", "properties": { "RFP ID": 29, "FCPS_School ID": 372, "School": "CHERRY RUN ES", "Other names": null, "School Type": "Elementary Schools", "RFP": "Add Alt #1", "Region": 4, "Year Opened": "1983", "Building SF": " 83,532 ", "Acreage": null, "NCES School ID": "510126001992", "State School ID": "VA-029-0290480", "NCES District ID": "5101260", "State District ID": "VA-029", "NCES School Name": "Cherry Run Elementary", "NCES Street Address": "9732 Ironmaster Dr", "NCES City": "Burke", "NCES State": "VA", "NCES ZIP": "22015", "Latitude": 38.7679773, "Longitude": -77.2844711, "FCPS Notes (Per Leanna's Email on 2\/20\/2026)": null, "field_23": null, "field_24": null }, "geometry": { "type": "Point", "coordinates": [ -77.2844711, 38.7679773 ] } },
{ "type": "Feature", "properties": { "RFP ID": 32, "FCPS_School ID": 282, "School": "CLEARVIEW ES", "Other names": null, "School Type": "Elementary Schools", "RFP": "Add Alt #1", "Region": 1, "Year Opened": "1979", "Building SF": " 98,358 ", "Acreage": null, "NCES School ID": "510126001836", "State School ID": "VA-029-0290260", "NCES District ID": "5101260", "State District ID": "VA-029", "NCES School Name": "Clearview Elementary", "NCES Street Address": "12635 Builders Rd", "NCES City": "Herndon", "NCES State": "VA", "NCES ZIP": "20170", "Latitude": 38.983416, "Longitude": -77.3910507, "FCPS Notes (Per Leanna's Email on 2\/20\/2026)": null, "field_23": null, "field_24": null }, "geometry": { "type": "Point", "coordinates": [ -77.3910507, 38.983416 ] } },
{ "type": "Feature", "properties": { "RFP ID": 33, "FCPS_School ID": 193, "School": "CLERMONT ES", "Other names": null, "School Type": "Elementary Schools", "RFP": "Add Alt #1", "Region": 3, "Year Opened": "1968", "Building SF": " 80,222 ", "Acreage": null, "NCES School ID": "510126000450", "State School ID": "VA-029-0291870", "NCES District ID": "5101260", "State District ID": "VA-029", "NCES School Name": "Clermont Elementary", "NCES Street Address": "5720 Clermont Dr", "NCES City": "Alexandria", "NCES State": "VA", "NCES ZIP": "22310", "Latitude": 38.7942392, "Longitude": -77.1114811, "FCPS Notes (Per Leanna's Email on 2\/20\/2026)": null, "field_23": null, "field_24": null }, "geometry": { "type": "Point", "coordinates": [ -77.1114811, 38.7942392 ] } },
{ "type": "Feature", "properties": { "RFP ID": 39, "FCPS_School ID": 337, "School": "CROSSFIELD ES", "Other names": null, "School Type": "Elementary Schools", "RFP": "Add Alt #2", "Region": 1, "Year Opened": "1988", "Building SF": " 100,814 ", "Acreage": null, "NCES School ID": "510126002118", "State School ID": "VA-029-0292020", "NCES District ID": "5101260", "State District ID": "VA-029", "NCES School Name": "Crossfield Elementary", "NCES Street Address": "2791 Fox Mill Rd", "NCES City": "Herndon", "NCES State": "VA", "NCES ZIP": "20171", "Latitude": 38.9149755, "Longitude": -77.3623212, "FCPS Notes (Per Leanna's Email on 2\/20\/2026)": null, "field_23": null, "field_24": null }, "geometry": { "type": "Point", "coordinates": [ -77.3623212, 38.9149755 ] } },
{ "type": "Feature", "properties": { "RFP ID": 40, "FCPS_School ID": 244, "School": "CUB RUN ES", "Other names": null, "School Type": "Elementary Schools", "RFP": "Add Alt #2", "Region": 5, "Year Opened": "1986", "Building SF": " 77,850 ", "Acreage": null, "NCES School ID": "510126002061", "State School ID": "VA-029-0291600", "NCES District ID": "5101260", "State District ID": "VA-029", "NCES School Name": "Cub Run Elementary", "NCES Street Address": "5301 Sully Station Dr", "NCES City": "Centreville", "NCES State": "VA", "NCES ZIP": "20120", "Latitude": 38.8659169, "Longitude": -77.4583653, "FCPS Notes (Per Leanna's Email on 2\/20\/2026)": null, "field_23": null, "field_24": null }, "geometry": { "type": "Point", "coordinates": [ -77.4583653, 38.8659169 ] } },
{ "type": "Feature", "properties": { "RFP ID": 46, "FCPS_School ID": 273, "School": "DRANESVILLE ES", "Other names": null, "School Type": "Elementary Schools", "RFP": "Add Alt #2", "Region": 1, "Year Opened": "1988", "Building SF": " 117,361 ", "Acreage": null, "NCES School ID": "510126002117", "State School ID": "VA-029-0292010", "NCES District ID": "5101260", "State District ID": "VA-029", "NCES School Name": "Dranesville Elementary", "NCES Street Address": "1515 Powells Tavern Pl", "NCES City": "Herndon", "NCES State": "VA", "NCES ZIP": "20170", "Latitude": 38.9962946, "Longitude": -77.3873488, "FCPS Notes (Per Leanna's Email on 2\/20\/2026)": null, "field_23": null, "field_24": null }, "geometry": { "type": "Point", "coordinates": [ -77.3873488, 38.9962946 ] } },
{ "type": "Feature", "properties": { "RFP ID": 56, "FCPS_School ID": 90, "School": "FALLS CHURCH HS", "Other names": null, "School Type": "High Schools", "RFP": "Add Alt #2", "Region": 2, "Year Opened": "1967", "Building SF": " 306,713 ", "Acreage": "39.54", "NCES School ID": "510126000468", "State School ID": "VA-029-0291100", "NCES District ID": "5101260", "State District ID": "VA-029", "NCES School Name": "Falls Church High", "NCES Street Address": "7521 Jaguar Trail", "NCES City": "Falls Church", "NCES State": "VA", "NCES ZIP": "22042", "Latitude": 38.8617531, "Longitude": -77.2067427, "FCPS Notes (Per Leanna's Email on 2\/20\/2026)": null, "field_23": null, "field_24": null }, "geometry": { "type": "Point", "coordinates": [ -77.2067427, 38.8617531 ] } },
{ "type": "Feature", "properties": { "RFP ID": 63, "FCPS_School ID": 295, "School": "FORESTVILLE ES", "Other names": null, "School Type": "Elementary Schools", "RFP": "Add Alt #1", "Region": 1, "Year Opened": "1981", "Building SF": " 84,102 ", "Acreage": null, "NCES School ID": "510126001837", "State School ID": "VA-029-0290370", "NCES District ID": "5101260", "State District ID": "VA-029", "NCES School Name": "Forestville Elementary", "NCES Street Address": "1085 Utterback Store Rd", "NCES City": "Great Falls", "NCES State": "VA", "NCES ZIP": "22066", "Latitude": 38.9934836, "Longitude": -77.3283632, "FCPS Notes (Per Leanna's Email on 2\/20\/2026)": null, "field_23": null, "field_24": null }, "geometry": { "type": "Point", "coordinates": [ -77.3283632, 38.9934836 ] } },
{ "type": "Feature", "properties": { "RFP ID": 65, "FCPS_School ID": 187, "School": "FORT BELVOIR UPPER ES", "Other names": null, "School Type": "Elementary Schools", "RFP": "Add Alt #1", "Region": 3, "Year Opened": "1998", "Building SF": " 137,997 ", "Acreage": null, "NCES School ID": "510126003032", "State School ID": "VA-029-0292458", "NCES District ID": "5101260", "State District ID": "VA-029", "NCES School Name": "Fort Belvoir Upper Elementary", "NCES Street Address": "5970 Meeres Road", "NCES City": "Fort Belvoir", "NCES State": "VA", "NCES ZIP": "22060", "Latitude": 38.7222352, "Longitude": -77.1421024, "FCPS Notes (Per Leanna's Email on 2\/20\/2026)": null, "field_23": null, "field_24": null }, "geometry": { "type": "Point", "coordinates": [ -77.1421024, 38.7222352 ] } },
{ "type": "Feature", "properties": { "RFP ID": 68, "FCPS_School ID": 334, "School": "FOX MILL ES", "Other names": null, "School Type": "Elementary Schools", "RFP": "Add Alt #1", "Region": 1, "Year Opened": "1979", "Building SF": " 91,123 ", "Acreage": null, "NCES School ID": "510126001838", "State School ID": "VA-029-0290390", "NCES District ID": "5101260", "State District ID": "VA-029", "NCES School Name": "Fox Mill Elementary", "NCES Street Address": "2611 Viking Dr", "NCES City": "Herndon", "NCES State": "VA", "NCES ZIP": "20171", "Latitude": 38.9280334, "Longitude": -77.3821856, "FCPS Notes (Per Leanna's Email on 2\/20\/2026)": null, "field_23": null, "field_24": null }, "geometry": { "type": "Point", "coordinates": [ -77.3821856, 38.9280334 ] } },
{ "type": "Feature", "properties": { "RFP ID": 70, "FCPS_School ID": 331, "School": "FRANKLIN MS", "Other names": null, "School Type": "Middle Schools", "RFP": "Add Alt #2", "Region": 5, "Year Opened": "1984", "Building SF": " 138,756 ", "Acreage": "35.29", "NCES School ID": "510126002007", "State School ID": "VA-029-0290440", "NCES District ID": "5101260", "State District ID": "VA-029", "NCES School Name": "Franklin Middle", "NCES Street Address": "3300 Lees Corner Rd", "NCES City": "Chantilly", "NCES State": "VA", "NCES ZIP": "20151", "Latitude": 38.9070958, "Longitude": -77.4205289, "FCPS Notes (Per Leanna's Email on 2\/20\/2026)": null, "field_23": null, "field_24": null }, "geometry": { "type": "Point", "coordinates": [ -77.4205289, 38.9070958 ] } },
{ "type": "Feature", "properties": { "RFP ID": 73, "FCPS_School ID": 131, "School": "FROST MS", "Other names": null, "School Type": "Middle Schools", "RFP": "Add Alt #1", "Region": 5, "Year Opened": "1964", "Building SF": " 206,381 ", "Acreage": "95.14", "NCES School ID": "510126000479", "State School ID": "VA-029-0291410", "NCES District ID": "5101260", "State District ID": "VA-029", "NCES School Name": "Frost Middle", "NCES Street Address": "4101 Pickett Rd", "NCES City": "Fairfax", "NCES State": "VA", "NCES ZIP": "22032", "Latitude": 38.8364587, "Longitude": -77.2733526, "FCPS Notes (Per Leanna's Email on 2\/20\/2026)": null, "field_23": null, "field_24": null }, "geometry": { "type": "Point", "coordinates": [ -77.2733526, 38.8364587 ] } },
{ "type": "Feature", "properties": { "RFP ID": 74, "FCPS_School ID": 162, "School": "GARFIELD ES", "Other names": null, "School Type": "Elementary Schools", "RFP": "Add Alt #1", "Region": 6, "Year Opened": "1953", "Building SF": " 78,373 ", "Acreage": null, "NCES School ID": "510126000480", "State School ID": "VA-029-0290630", "NCES District ID": "5101260", "State District ID": "VA-029", "NCES School Name": "Garfield Elementary", "NCES Street Address": "7101 Old Keene Mill Rd", "NCES City": "Springfield", "NCES State": "VA", "NCES ZIP": "22150", "Latitude": 38.7778745, "Longitude": -77.1898528, "FCPS Notes (Per Leanna's Email on 2\/20\/2026)": null, "field_23": null, "field_24": null }, "geometry": { "type": "Point", "coordinates": [ -77.1898528, 38.7778745 ] } },
{ "type": "Feature", "properties": { "RFP ID": 86, "FCPS_School ID": 33, "School": "HAYCOCK ES", "Other names": null, "School Type": "Elementary Schools", "RFP": "Add Alt #1", "Region": 2, "Year Opened": "1955", "Building SF": " 85,897 ", "Acreage": null, "NCES School ID": "510126000491", "State School ID": "VA-029-0290750", "NCES District ID": "5101260", "State District ID": "VA-029", "NCES School Name": "Haycock Elementary", "NCES Street Address": "6616 Haycock Rd", "NCES City": "Falls Church", "NCES State": "VA", "NCES ZIP": "22043", "Latitude": 38.9039113, "Longitude": -77.1736116, "FCPS Notes (Per Leanna's Email on 2\/20\/2026)": null, "field_23": null, "field_24": null }, "geometry": { "type": "Point", "coordinates": [ -77.1736116, 38.9039113 ] } },
{ "type": "Feature", "properties": { "RFP ID": 90, "FCPS_School ID": 276, "School": "HERNDON ES", "Other names": null, "School Type": "Elementary Schools", "RFP": "Add Alt #2", "Region": 1, "Year Opened": "1961", "Building SF": " 129,204 ", "Acreage": null, "NCES School ID": "510126000494", "State School ID": "VA-029-0291250", "NCES District ID": "5101260", "State District ID": "VA-029", "NCES School Name": "Herndon Elementary", "NCES Street Address": "630 Dranesville Rd", "NCES City": "Herndon", "NCES State": "VA", "NCES ZIP": "20170", "Latitude": 38.9759246, "Longitude": -77.3767426, "FCPS Notes (Per Leanna's Email on 2\/20\/2026)": null, "field_23": null, "field_24": null }, "geometry": { "type": "Point", "coordinates": [ -77.3767426, 38.9759246 ] } },
{ "type": "Feature", "properties": { "RFP ID": 91, "FCPS_School ID": 270, "School": "HERNDON HS", "Other names": null, "School Type": "High Schools", "RFP": "Add Alt #1", "Region": 1, "Year Opened": "1967", "Building SF": " 415,722 ", "Acreage": "40.22", "NCES School ID": "510126000495", "State School ID": "VA-029-0290032", "NCES District ID": "5101260", "State District ID": "VA-029", "NCES School Name": "Herndon High", "NCES Street Address": "700 Bennett St", "NCES City": "Herndon", "NCES State": "VA", "NCES ZIP": "20170", "Latitude": 38.9874176, "Longitude": -77.3742131, "FCPS Notes (Per Leanna's Email on 2\/20\/2026)": null, "field_23": null, "field_24": null }, "geometry": { "type": "Point", "coordinates": [ -77.3742131, 38.9874176 ] } },
{ "type": "Feature", "properties": { "RFP ID": 96, "FCPS_School ID": 214, "School": "HOLLIN MEADOWS ES", "Other names": null, "School Type": "Elementary Schools", "RFP": "Add Alt #1", "Region": 3, "Year Opened": "1965", "Building SF": " 93,203 ", "Acreage": null, "NCES School ID": "510126000499", "State School ID": "VA-029-0291330", "NCES District ID": "5101260", "State District ID": "VA-029", "NCES School Name": "Hollin Meadows Elementary", "NCES Street Address": "2310 Nordok Place", "NCES City": "Alexandria", "NCES State": "VA", "NCES ZIP": "22306", "Latitude": 38.750259, "Longitude": -77.0718534, "FCPS Notes (Per Leanna's Email on 2\/20\/2026)": null, "field_23": null, "field_24": null }, "geometry": { "type": "Point", "coordinates": [ -77.0718534, 38.750259 ] } },
{ "type": "Feature", "properties": { "RFP ID": 98, "FCPS_School ID": 321, "School": "HUGHES MS", "Other names": null, "School Type": "Middle Schools", "RFP": "Add Alt #1", "Region": 1, "Year Opened": "1980", "Building SF": " 183,566 ", "Acreage": "25", "NCES School ID": "510126001839", "State School ID": "VA-029-0290350", "NCES District ID": "5101260", "State District ID": "VA-029", "NCES School Name": "Hughes Middle", "NCES Street Address": "11401 Ridge Heights Rd", "NCES City": "Reston", "NCES State": "VA", "NCES ZIP": "20191", "Latitude": 38.9352398, "Longitude": -77.3383725, "FCPS Notes (Per Leanna's Email on 2\/20\/2026)": null, "field_23": null, "field_24": null }, "geometry": { "type": "Point", "coordinates": [ -77.3383725, 38.9352398 ] } },
{ "type": "Feature", "properties": { "RFP ID": 102, "FCPS_School ID": 206, "School": "HYBLA VALLEY ES", "Other names": null, "School Type": "Elementary Schools", "RFP": "Add Alt #1", "Region": 3, "Year Opened": "1964", "Building SF": " 125,539 ", "Acreage": null, "NCES School ID": "510126000503", "State School ID": "VA-029-0291420", "NCES District ID": "5101260", "State District ID": "VA-029", "NCES School Name": "Hybla Valley Elementary", "NCES Street Address": "3415 Lockheed Blvd", "NCES City": "Alexandria", "NCES State": "VA", "NCES ZIP": "22306", "Latitude": 38.7587295, "Longitude": -77.0902615, "FCPS Notes (Per Leanna's Email on 2\/20\/2026)": null, "field_23": null, "field_24": null }, "geometry": { "type": "Point", "coordinates": [ -77.0902615, 38.7587295 ] } },
{ "type": "Feature", "properties": { "RFP ID": 109, "FCPS_School ID": 157, "School": "KEENE MILL ES", "Other names": null, "School Type": "Elementary Schools", "RFP": "Add Alt #1", "Region": 4, "Year Opened": "1961", "Building SF": " 92,137 ", "Acreage": null, "NCES School ID": "510126000508", "State School ID": "VA-029-0291240", "NCES District ID": "5101260", "State District ID": "VA-029", "NCES School Name": "Keene Mill Elementary", "NCES Street Address": "6310 Bardu Ave", "NCES City": "Springfield", "NCES State": "VA", "NCES ZIP": "22152", "Latitude": 38.7813807, "Longitude": -77.2214745, "FCPS Notes (Per Leanna's Email on 2\/20\/2026)": null, "field_23": null, "field_24": null }, "geometry": { "type": "Point", "coordinates": [ -77.2214745, 38.7813807 ] } },
{ "type": "Feature", "properties": { "RFP ID": 121, "FCPS_School ID": 20, "School": "LANGLEY HS", "Other names": null, "School Type": "High Schools", "RFP": "Add Alt #1", "Region": 1, "Year Opened": "1965", "Building SF": " 337,966 ", "Acreage": "42.86", "NCES School ID": "510126000517", "State School ID": "VA-029-0291460", "NCES District ID": "5101260", "State District ID": "VA-029", "NCES School Name": "Langley High", "NCES Street Address": "6520 Georgetown Pike", "NCES City": "McLean", "NCES State": "VA", "NCES ZIP": "22101", "Latitude": 38.9499202, "Longitude": -77.1664379, "FCPS Notes (Per Leanna's Email on 2\/20\/2026)": null, "field_23": null, "field_24": null }, "geometry": { "type": "Point", "coordinates": [ -77.1664379, 38.9499202 ] } },
{ "type": "Feature", "properties": { "RFP ID": 124, "FCPS_School ID": 252, "School": "LEES CORNER ES", "Other names": null, "School Type": "Elementary Schools", "RFP": "Add Alt #2", "Region": 5, "Year Opened": "1987", "Building SF": " 118,248 ", "Acreage": null, "NCES School ID": "510126002063", "State School ID": "VA-029-0291850", "NCES District ID": "5101260", "State District ID": "VA-029", "NCES School Name": "Lees Corner Elementary", "NCES Street Address": "13500 Hollinger Ave", "NCES City": "Fairfax", "NCES State": "VA", "NCES ZIP": "22033", "Latitude": 38.890338, "Longitude": -77.4110258, "FCPS Notes (Per Leanna's Email on 2\/20\/2026)": null, "field_23": null, "field_24": null }, "geometry": { "type": "Point", "coordinates": [ -77.4110258, 38.890338 ] } },
{ "type": "Feature", "properties": { "RFP ID": 134, "FCPS_School ID": 67, "School": "LOUISE ARCHER ES", "Other names": null, "School Type": "Elementary Schools", "RFP": "Add Alt #2", "Region": 1, "Year Opened": "1939", "Building SF": " 104,148 ", "Acreage": null, "NCES School ID": "Not Found", "State School ID": "Not Found", "NCES District ID": "Not Found", "State District ID": "Not Found", "NCES School Name": "Not Found", "NCES Street Address": "Not Found", "NCES City": "Not Found", "NCES State": "Not Found", "NCES ZIP": "Not Found", "Latitude": 38.8989021, "Longitude": -77.2782285, "FCPS Notes (Per Leanna's Email on 2\/20\/2026)": null, "field_23": null, "field_24": null }, "geometry": { "type": "Point", "coordinates": [ -77.2782285, 38.8989021 ] } },
{ "type": "Feature", "properties": { "RFP ID": 143, "FCPS_School ID": 27, "School": "MCNAIR UPPER ES", "Other names": null, "School Type": "Elementary Schools", "RFP": "Add Alt #1", "Region": 5, "Year Opened": "2020", "Building SF": " 105,652 ", "Acreage": null, "NCES School ID": "510126003078", "State School ID": "VA-029-0292200", "NCES District ID": "5101260", "State District ID": "VA-029", "NCES School Name": "McNair Upper Elementary", "NCES Street Address": "2410 Fox Mill Road", "NCES City": "Herndon", "NCES State": "VA", "NCES ZIP": "20171", "Latitude": 38.9473039, "Longitude": -77.403134, "FCPS Notes (Per Leanna's Email on 2\/20\/2026)": null, "field_23": null, "field_24": null }, "geometry": { "type": "Point", "coordinates": [ -77.403134, 38.9473039 ] } },
{ "type": "Feature", "properties": { "RFP ID": 146, "FCPS_School ID": 53, "School": "MOSAIC ES", "Other names": null, "School Type": "Elementary Schools", "RFP": "Add Alt #2", "Region": 1, "Year Opened": "1963", "Building SF": " 122,021 ", "Acreage": null, "NCES School ID": "510126000539", "State School ID": "VA-029-0291390", "NCES District ID": "5101260", "State District ID": "VA-029", "NCES School Name": "Mosaic Elementary", "NCES Street Address": "9819 Five Oaks Rd", "NCES City": "Fairfax", "NCES State": "VA", "NCES ZIP": "22031", "Latitude": 38.8693938, "Longitude": -77.286131, "FCPS Notes (Per Leanna's Email on 2\/20\/2026)": null, "field_23": null, "field_24": null }, "geometry": { "type": "Point", "coordinates": [ -77.286131, 38.8693938 ] } },
{ "type": "Feature", "properties": { "RFP ID": 149, "FCPS_School ID": 223, "School": "MOUNT VERNON WOODS ES", "Other names": null, "School Type": "Elementary Schools", "RFP": "Add Alt #1", "Region": 3, "Year Opened": "1965", "Building SF": " 92,950 ", "Acreage": null, "NCES School ID": "510126000543", "State School ID": "VA-029-0291640", "NCES District ID": "5101260", "State District ID": "VA-029", "NCES School Name": "Mount Vernon Woods Elementary", "NCES Street Address": "4015 Fielding St", "NCES City": "Alexandria", "NCES State": "VA", "NCES ZIP": "22309", "Latitude": 38.7426073, "Longitude": -77.1002171, "FCPS Notes (Per Leanna's Email on 2\/20\/2026)": null, "field_23": null, "field_24": null }, "geometry": { "type": "Point", "coordinates": [ -77.1002171, 38.7426073 ] } },
{ "type": "Feature", "properties": { "RFP ID": 152, "FCPS_School ID": 352, "School": "NEWINGTON FOREST ES", "Other names": null, "School Type": "Elementary Schools", "RFP": "Add Alt #1", "Region": 4, "Year Opened": "1983", "Building SF": " 90,080 ", "Acreage": null, "NCES School ID": "510126001993", "State School ID": "VA-029-0290470", "NCES District ID": "5101260", "State District ID": "VA-029", "NCES School Name": "Newington Forest Elementary", "NCES Street Address": "8001 Newington Forest Ave", "NCES City": "Springfield", "NCES State": "VA", "NCES ZIP": "22153", "Latitude": 38.7396686, "Longitude": -77.2401561, "FCPS Notes (Per Leanna's Email on 2\/20\/2026)": null, "field_23": null, "field_24": null }, "geometry": { "type": "Point", "coordinates": [ -77.2401561, 38.7396686 ] } },
{ "type": "Feature", "properties": { "RFP ID": 153, "FCPS_School ID": 142, "School": "NORTH SPRINGFIELD ES", "Other names": null, "School Type": "Elementary Schools", "RFP": "Add Alt #1", "Region": 6, "Year Opened": "1952", "Building SF": " 92,000 ", "Acreage": null, "NCES School ID": "510126000546", "State School ID": "VA-029-0290930", "NCES District ID": "5101260", "State District ID": "VA-029", "NCES School Name": "North Springfield Elementary", "NCES Street Address": "7602 Heming Court", "NCES City": "Springfield", "NCES State": "VA", "NCES ZIP": "22151", "Latitude": 38.8017459, "Longitude": -77.2078207, "FCPS Notes (Per Leanna's Email on 2\/20\/2026)": null, "field_23": null, "field_24": null }, "geometry": { "type": "Point", "coordinates": [ -77.2078207, 38.8017459 ] } },
{ "type": "Feature", "properties": { "RFP ID": 154, "FCPS_School ID": 333, "School": "OAK HILL ES", "Other names": null, "School Type": "Elementary Schools", "RFP": "Add Alt #2", "Region": 5, "Year Opened": "1983", "Building SF": " 104,141 ", "Acreage": null, "NCES School ID": "510005102300", "State School ID": "VA-942-9424010", "NCES District ID": "5100051", "State District ID": "VA-942", "NCES School Name": "Northern Va. Tr. Ctr. E.P", "NCES Street Address": "3210 Kinross Circle Oak Hill", "NCES City": "Herndon", "NCES State": "VA", "NCES ZIP": "20171", "Latitude": 38.913234, "Longitude": -77.408795, "FCPS Notes (Per Leanna's Email on 2\/20\/2026)": null, "field_23": null, "field_24": null }, "geometry": { "type": "Point", "coordinates": [ -77.408795, 38.913234 ] } },
{ "type": "Feature", "properties": { "RFP ID": 157, "FCPS_School ID": 50, "School": "OAKTON HS", "Other names": null, "School Type": "High Schools", "RFP": "Add Alt #1", "Region": 1, "Year Opened": "1967", "Building SF": " 409,661 ", "Acreage": "58.84", "NCES School ID": "510126000550", "State School ID": "VA-029-0291710", "NCES District ID": "5101260", "State District ID": "VA-029", "NCES School Name": "Oakton High", "NCES Street Address": "2900 Sutton Rd", "NCES City": "Vienna", "NCES State": "VA", "NCES ZIP": "22181", "Latitude": 38.8773164, "Longitude": -77.2827162, "FCPS Notes (Per Leanna's Email on 2\/20\/2026)": null, "field_23": null, "field_24": null }, "geometry": { "type": "Point", "coordinates": [ -77.2827162, 38.8773164 ] } },
{ "type": "Feature", "properties": { "RFP ID": 165, "FCPS_School ID": 264, "School": "POPLAR TREE ES", "Other names": null, "School Type": "Elementary Schools", "RFP": "Add Alt #2", "Region": 5, "Year Opened": "1990", "Building SF": " 97,274 ", "Acreage": null, "NCES School ID": "510126002182", "State School ID": "VA-029-0292080", "NCES District ID": "5101260", "State District ID": "VA-029", "NCES School Name": "Poplar Tree Elementary", "NCES Street Address": "13440 Melville Ln", "NCES City": "Chantilly", "NCES State": "VA", "NCES ZIP": "20151", "Latitude": 38.8630823, "Longitude": -77.4146128, "FCPS Notes (Per Leanna's Email on 2\/20\/2026)": null, "field_23": null, "field_24": null }, "geometry": { "type": "Point", "coordinates": [ -77.4146128, 38.8630823 ] } },
{ "type": "Feature", "properties": { "RFP ID": 170, "FCPS_School ID": 143, "School": "RAVENSWORTH ES", "Other names": null, "School Type": "Elementary Schools", "RFP": "Add Alt #1", "Region": 4, "Year Opened": "1963", "Building SF": " 80,152 ", "Acreage": null, "NCES School ID": "510126000559", "State School ID": "VA-029-0291310", "NCES District ID": "5101260", "State District ID": "VA-029", "NCES School Name": "Ravensworth Elementary", "NCES Street Address": "5411 Nutting Dr", "NCES City": "Springfield", "NCES State": "VA", "NCES ZIP": "22151", "Latitude": 38.8030567, "Longitude": -77.2225524, "FCPS Notes (Per Leanna's Email on 2\/20\/2026)": null, "field_23": null, "field_24": null }, "geometry": { "type": "Point", "coordinates": [ -77.2225524, 38.8030567 ] } },
{ "type": "Feature", "properties": { "RFP ID": 175, "FCPS_School ID": 251, "School": "ROCKY RUN MS", "Other names": null, "School Type": "Middle Schools", "RFP": "Add Alt #1", "Region": 5, "Year Opened": "1980", "Building SF": " 191,146 ", "Acreage": "25.2", "NCES School ID": "510126001841", "State School ID": "VA-029-0290300", "NCES District ID": "5101260", "State District ID": "VA-029", "NCES School Name": "Rocky Run Middle", "NCES Street Address": "4400 Stringfellow Rd", "NCES City": "Chantilly", "NCES State": "VA", "NCES ZIP": "20151", "Latitude": 38.874184, "Longitude": -77.4101012, "FCPS Notes (Per Leanna's Email on 2\/20\/2026)": null, "field_23": null, "field_24": null }, "geometry": { "type": "Point", "coordinates": [ -77.4101012, 38.874184 ] } },
{ "type": "Feature", "properties": { "RFP ID": 178, "FCPS_School ID": 231, "School": "SANDBURG MS", "Other names": null, "School Type": "Middle Schools", "RFP": "Add Alt #1", "Region": 3, "Year Opened": "1963", "Building SF": " 269,678 ", "Acreage": "35.24", "NCES School ID": "510126000474", "State School ID": "VA-029-0291300", "NCES District ID": "5101260", "State District ID": "VA-029", "NCES School Name": "Sandburg Middle", "NCES Street Address": "8428 Fort Hunt Rd", "NCES City": "Alexandria", "NCES State": "VA", "NCES ZIP": "22308", "Latitude": 38.7288039, "Longitude": -77.0620128, "FCPS Notes (Per Leanna's Email on 2\/20\/2026)": null, "field_23": null, "field_24": null }, "geometry": { "type": "Point", "coordinates": [ -77.0620128, 38.7288039 ] } },
{ "type": "Feature", "properties": { "RFP ID": 179, "FCPS_School ID": 377, "School": "SANGSTER ES", "Other names": null, "School Type": "Elementary Schools", "RFP": "Add Alt #2", "Region": 4, "Year Opened": "1988", "Building SF": " 88,552 ", "Acreage": null, "NCES School ID": "510126002119", "State School ID": "VA-029-0292030", "NCES District ID": "5101260", "State District ID": "VA-029", "NCES School Name": "Sangster Elementary", "NCES Street Address": "7420 Reservation Dr", "NCES City": "Springfield", "NCES State": "VA", "NCES ZIP": "22153", "Latitude": 38.7554729, "Longitude": -77.2724825, "FCPS Notes (Per Leanna's Email on 2\/20\/2026)": null, "field_23": null, "field_24": null }, "geometry": { "type": "Point", "coordinates": [ -77.2724825, 38.7554729 ] } },
{ "type": "Feature", "properties": { "RFP ID": 180, "FCPS_School ID": 354, "School": "SARATOGA ES", "Other names": null, "School Type": "Elementary Schools", "RFP": "Add Alt #2", "Region": 6, "Year Opened": "1989", "Building SF": " 104,185 ", "Acreage": null, "NCES School ID": "510126002144", "State School ID": "VA-029-0292040", "NCES District ID": "5101260", "State District ID": "VA-029", "NCES School Name": "Saratoga Elementary", "NCES Street Address": "8111 Northumberland Rd", "NCES City": "Springfield", "NCES State": "VA", "NCES ZIP": "22153", "Latitude": 38.7356807, "Longitude": -77.2136398, "FCPS Notes (Per Leanna's Email on 2\/20\/2026)": null, "field_23": null, "field_24": null }, "geometry": { "type": "Point", "coordinates": [ -77.2136398, 38.7356807 ] } },
{ "type": "Feature", "properties": { "RFP ID": 183, "FCPS_School ID": 375, "School": "SILVERBROOK ES", "Other names": null, "School Type": "Elementary Schools", "RFP": "Add Alt #1", "Region": 4, "Year Opened": "1988", "Building SF": " 104,085 ", "Acreage": null, "NCES School ID": "510126002115", "State School ID": "VA-029-0291680", "NCES District ID": "5101260", "State District ID": "VA-029", "NCES School Name": "Silverbrook Elementary", "NCES Street Address": "9350 Crosspointe Dr", "NCES City": "Fairfax Station", "NCES State": "VA", "NCES ZIP": "22039", "Latitude": 38.7286707, "Longitude": -77.2688911, "FCPS Notes (Per Leanna's Email on 2\/20\/2026)": null, "field_23": null, "field_24": null }, "geometry": { "type": "Point", "coordinates": [ -77.2688911, 38.7286707 ] } },
{ "type": "Feature", "properties": { "RFP ID": 191, "FCPS_School ID": 163, "School": "SPRINGFIELD ESTATES ES", "Other names": null, "School Type": "Elementary Schools", "RFP": "Add Alt #1", "Region": 6, "Year Opened": "1958", "Building SF": " 89,166 ", "Acreage": null, "NCES School ID": "510126000568", "State School ID": "VA-029-0290960", "NCES District ID": "5101260", "State District ID": "VA-029", "NCES School Name": "Springfield Estates Elementary", "NCES Street Address": "6200 Charles Goff Dr", "NCES City": "Springfield", "NCES State": "VA", "NCES ZIP": "22150", "Latitude": 38.7835896, "Longitude": -77.163978, "FCPS Notes (Per Leanna's Email on 2\/20\/2026)": null, "field_23": null, "field_24": null }, "geometry": { "type": "Point", "coordinates": [ -77.163978, 38.7835896 ] } },
{ "type": "Feature", "properties": { "RFP ID": 195, "FCPS_School ID": 212, "School": "STRATFORD LANDING ES", "Other names": null, "School Type": "Elementary Schools", "RFP": "Add Alt #1", "Region": 3, "Year Opened": "1963", "Building SF": " 103,383 ", "Acreage": null, "NCES School ID": "510126000570", "State School ID": "VA-029-0291350", "NCES District ID": "5101260", "State District ID": "VA-029", "NCES School Name": "Stratford Landing Elementary", "NCES Street Address": "8484 Riverside Rd", "NCES City": "Alexandria", "NCES State": "VA", "NCES ZIP": "22308", "Latitude": 38.72794, "Longitude": -77.0686446, "FCPS Notes (Per Leanna's Email on 2\/20\/2026)": null, "field_23": null, "field_24": null }, "geometry": { "type": "Point", "coordinates": [ -77.0686446, 38.72794 ] } },
{ "type": "Feature", "properties": { "RFP ID": 196, "FCPS_School ID": 325, "School": "SUNRISE VALLEY ES", "Other names": null, "School Type": "Elementary Schools", "RFP": "Add Alt #1", "Region": 1, "Year Opened": "1979", "Building SF": " 85,702 ", "Acreage": null, "NCES School ID": "510126000571", "State School ID": "VA-029-0290280", "NCES District ID": "5101260", "State District ID": "VA-029", "NCES School Name": "Sunrise Valley Elementary", "NCES Street Address": "10824 Cross School Rd", "NCES City": "Reston", "NCES State": "VA", "NCES ZIP": "20191", "Latitude": 38.9407463, "Longitude": -77.3198786, "FCPS Notes (Per Leanna's Email on 2\/20\/2026)": null, "field_23": null, "field_24": null }, "geometry": { "type": "Point", "coordinates": [ -77.3198786, 38.9407463 ] } },
{ "type": "Feature", "properties": { "RFP ID": 197, "FCPS_School ID": 383, "School": "TERRA CENTRE ES", "Other names": null, "School Type": "Elementary Schools", "RFP": "Add Alt #1", "Region": 4, "Year Opened": "1980", "Building SF": " 89,835 ", "Acreage": null, "NCES School ID": "510126001842", "State School ID": "VA-029-0290170", "NCES District ID": "5101260", "State District ID": "VA-029", "NCES School Name": "Terra Centre Elementary", "NCES Street Address": "6000 Burke Centre Pkwy", "NCES City": "Burke", "NCES State": "VA", "NCES ZIP": "22015", "Latitude": 38.7853606, "Longitude": -77.2983373, "FCPS Notes (Per Leanna's Email on 2\/20\/2026)": null, "field_23": null, "field_24": null }, "geometry": { "type": "Point", "coordinates": [ -77.2983373, 38.7853606 ] } },
{ "type": "Feature", "properties": { "RFP ID": 198, "FCPS_School ID": 323, "School": "TERRASET ES", "Other names": null, "School Type": "Elementary Schools", "RFP": "Add Alt #1", "Region": 1, "Year Opened": "1977", "Building SF": " 104,830 ", "Acreage": null, "NCES School ID": "510126000573", "State School ID": "VA-029-0290250", "NCES District ID": "5101260", "State District ID": "VA-029", "NCES School Name": "Terraset Elementary", "NCES Street Address": "11411 Ridge Heights Rd", "NCES City": "Reston", "NCES State": "VA", "NCES ZIP": "20191", "Latitude": 38.9362852, "Longitude": -77.3435694, "FCPS Notes (Per Leanna's Email on 2\/20\/2026)": null, "field_23": null, "field_24": null }, "geometry": { "type": "Point", "coordinates": [ -77.3435694, 38.9362852 ] } },
{ "type": "Feature", "properties": { "RFP ID": 199, "FCPS_School ID": 300, "School": "THOMAS JEFFERSON HS", "Other names": null, "School Type": "High Schools", "RFP": "Add Alt #1", "Region": 6, "Year Opened": "1964", "Building SF": " 388,767 ", "Acreage": "39.15", "NCES School ID": "510126002034", "State School ID": "VA-029-0291371", "NCES District ID": "5101260", "State District ID": "VA-029", "NCES School Name": "Thomas Jefferson High for Science and Technology", "NCES Street Address": "6560 Braddock Rd", "NCES City": "Alexandria", "NCES State": "VA", "NCES ZIP": "22312", "Latitude": 38.8198635, "Longitude": -77.1694441, "FCPS Notes (Per Leanna's Email on 2\/20\/2026)": null, "field_23": null, "field_24": null }, "geometry": { "type": "Point", "coordinates": [ -77.1694441, 38.8198635 ] } },
{ "type": "Feature", "properties": { "RFP ID": 200, "FCPS_School ID": 61, "School": "THOREAU MS", "Other names": null, "School Type": "Middle Schools", "RFP": "Add Alt #1", "Region": 1, "Year Opened": "1960", "Building SF": " 179,007 ", "Acreage": "20", "NCES School ID": "510126000574", "State School ID": "VA-029-0291140", "NCES District ID": "5101260", "State District ID": "VA-029", "NCES School Name": "Thoreau Middle", "NCES Street Address": "2505 Cedar Ln", "NCES City": "Vienna", "NCES State": "VA", "NCES ZIP": "22180", "Latitude": 38.8885514, "Longitude": -77.2397968, "FCPS Notes (Per Leanna's Email on 2\/20\/2026)": null, "field_23": null, "field_24": null }, "geometry": { "type": "Point", "coordinates": [ -77.2397968, 38.8885514 ] } },
{ "type": "Feature", "properties": { "RFP ID": 202, "FCPS_School ID": 191, "School": "TWAIN MS", "Other names": null, "School Type": "Middle Schools", "RFP": "Add Alt #2", "Region": 3, "Year Opened": "1960", "Building SF": " 148,430 ", "Acreage": "23.52", "NCES School ID": "510007602351", "State School ID": "VA-405-4050405", "NCES District ID": "5100076", "State District ID": "VA-405", "NCES School Name": "Transition Support Resource Center\/Fairfax", "NCES Street Address": "4700 Franconia Rd", "NCES City": "Alexandria", "NCES State": "VA", "NCES ZIP": "22310", "Latitude": 38.7896153, "Longitude": -77.1132792, "FCPS Notes (Per Leanna's Email on 2\/20\/2026)": null, "field_23": null, "field_24": null }, "geometry": { "type": "Point", "coordinates": [ -77.1132792, 38.7896153 ] } },
{ "type": "Feature", "properties": { "RFP ID": 203, "FCPS_School ID": 415, "School": "UNION MILL ES", "Other names": null, "School Type": "Elementary Schools", "RFP": "Add Alt #2", "Region": 4, "Year Opened": "1986", "Building SF": " 93,420 ", "Acreage": null, "NCES School ID": "510126002060", "State School ID": "VA-029-0291540", "NCES District ID": "5101260", "State District ID": "VA-029", "NCES School Name": "Union Mill Elementary", "NCES Street Address": "13611 Springstone Dr", "NCES City": "Clifton", "NCES State": "VA", "NCES ZIP": "20124", "Latitude": 38.8202936, "Longitude": -77.4174824, "FCPS Notes (Per Leanna's Email on 2\/20\/2026)": null, "field_23": null, "field_24": null }, "geometry": { "type": "Point", "coordinates": [ -77.4174824, 38.8202936 ] } },
{ "type": "Feature", "properties": { "RFP ID": 206, "FCPS_School ID": 232, "School": "VIRGINIA RUN ES", "Other names": null, "School Type": "Elementary Schools", "RFP": "Add Alt #2", "Region": 5, "Year Opened": "1989", "Building SF": " 90,800 ", "Acreage": null, "NCES School ID": "510126002146", "State School ID": "VA-029-0292050", "NCES District ID": "5101260", "State District ID": "VA-029", "NCES School Name": "Virginia Run Elementary", "NCES Street Address": "15450 Martins Hundred Dr", "NCES City": "Centreville", "NCES State": "VA", "NCES ZIP": "20120", "Latitude": 38.852151, "Longitude": -77.4856126, "FCPS Notes (Per Leanna's Email on 2\/20\/2026)": null, "field_23": null, "field_24": null }, "geometry": { "type": "Point", "coordinates": [ -77.4856126, 38.852151 ] } },
{ "type": "Feature", "properties": { "RFP ID": 207, "FCPS_School ID": 132, "School": "WAKEFIELD FOREST ES", "Other names": null, "School Type": "Elementary Schools", "RFP": "Add Alt #2", "Region": 5, "Year Opened": "1955", "Building SF": " 103,612 ", "Acreage": null, "NCES School ID": "510126000580", "State School ID": "VA-029-0290850", "NCES District ID": "5101260", "State District ID": "VA-029", "NCES School Name": "Wakefield Forest Elementary", "NCES Street Address": "4011 Iva Ln", "NCES City": "Fairfax", "NCES State": "VA", "NCES ZIP": "22032", "Latitude": 38.8350668, "Longitude": -77.2473405, "FCPS Notes (Per Leanna's Email on 2\/20\/2026)": null, "field_23": null, "field_24": null }, "geometry": { "type": "Point", "coordinates": [ -77.2473405, 38.8350668 ] } },
{ "type": "Feature", "properties": { "RFP ID": 208, "FCPS_School ID": 445, "School": "WAPLES MILL ES", "Other names": null, "School Type": "Elementary Schools", "RFP": "Add Alt #2", "Region": 1, "Year Opened": "1991", "Building SF": " 92,420 ", "Acreage": null, "NCES School ID": "510126000088", "State School ID": "VA-029-0292100", "NCES District ID": "5101260", "State District ID": "VA-029", "NCES School Name": "Waples Mill Elementary", "NCES Street Address": "11509 Waples Mill Rd", "NCES City": "Oakton", "NCES State": "VA", "NCES ZIP": "22124", "Latitude": 38.8760427, "Longitude": -77.345005, "FCPS Notes (Per Leanna's Email on 2\/20\/2026)": null, "field_23": null, "field_24": null }, "geometry": { "type": "Point", "coordinates": [ -77.345005, 38.8760427 ] } },
{ "type": "Feature", "properties": { "RFP ID": 209, "FCPS_School ID": 222, "School": "WASHINGTON MILL ES", "Other names": null, "School Type": "Elementary Schools", "RFP": "Add Alt #1", "Region": 3, "Year Opened": "1963", "Building SF": " 97,248 ", "Acreage": null, "NCES School ID": "510126000582", "State School ID": "VA-029-0291320", "NCES District ID": "5101260", "State District ID": "VA-029", "NCES School Name": "Washington Mill Elementary", "NCES Street Address": "9100 Cherrytree Dr", "NCES City": "Alexandria", "NCES State": "VA", "NCES ZIP": "22309", "Latitude": 38.7097917, "Longitude": -77.1048109, "FCPS Notes (Per Leanna's Email on 2\/20\/2026)": null, "field_23": null, "field_24": null }, "geometry": { "type": "Point", "coordinates": [ -77.1048109, 38.7097917 ] } },
{ "type": "Feature", "properties": { "RFP ID": 210, "FCPS_School ID": 213, "School": "WAYNEWOOD ES", "Other names": null, "School Type": "Elementary Schools", "RFP": "Add Alt #1", "Region": 3, "Year Opened": "1959", "Building SF": " 89,904 ", "Acreage": null, "NCES School ID": "510126000583", "State School ID": "VA-029-0291080", "NCES District ID": "5101260", "State District ID": "VA-029", "NCES School Name": "Waynewood Elementary", "NCES Street Address": "1205 Waynewood Blvd", "NCES City": "Alexandria", "NCES State": "VA", "NCES ZIP": "22308", "Latitude": 38.7243233, "Longitude": -77.0560866, "FCPS Notes (Per Leanna's Email on 2\/20\/2026)": null, "field_23": null, "field_24": null }, "geometry": { "type": "Point", "coordinates": [ -77.0560866, 38.7243233 ] } },
{ "type": "Feature", "properties": { "RFP ID": 213, "FCPS_School ID": 150, "School": "WEST SPRINGFIELD HS", "Other names": null, "School Type": "High Schools", "RFP": "Add Alt #1", "Region": 4, "Year Opened": "1967", "Building SF": " 387,429 ", "Acreage": "38.62", "NCES School ID": "510126000585", "State School ID": "VA-029-0291610", "NCES District ID": "5101260", "State District ID": "VA-029", "NCES School Name": "West Springfield High", "NCES Street Address": "6100 Rolling Rd", "NCES City": "Springfield", "NCES State": "VA", "NCES ZIP": "22152", "Latitude": 38.7862346, "Longitude": -77.2403197, "FCPS Notes (Per Leanna's Email on 2\/20\/2026)": null, "field_23": null, "field_24": null }, "geometry": { "type": "Point", "coordinates": [ -77.2403197, 38.7862346 ] } },
{ "type": "Feature", "properties": { "RFP ID": 216, "FCPS_School ID": 75, "School": "WESTGATE ES", "Other names": null, "School Type": "Elementary Schools", "RFP": "Add Alt #1", "Region": 5, "Year Opened": "1968", "Building SF": " 84,912 ", "Acreage": null, "NCES School ID": "510126000587", "State School ID": "VA-029-0291670", "NCES District ID": "5101260", "State District ID": "VA-029", "NCES School Name": "Westgate Elementary", "NCES Street Address": "7500 Magarity Rd", "NCES City": "Falls Church", "NCES State": "VA", "NCES ZIP": "22043", "Latitude": 38.9191245, "Longitude": -77.2048859, "FCPS Notes (Per Leanna's Email on 2\/20\/2026)": null, "field_23": null, "field_24": null }, "geometry": { "type": "Point", "coordinates": [ -77.2048859, 38.9191245 ] } },
{ "type": "Feature", "properties": { "RFP ID": 219, "FCPS_School ID": 387, "School": "WHITE OAKS ES", "Other names": null, "School Type": "Elementary Schools", "RFP": "Add Alt #1", "Region": 4, "Year Opened": "1980", "Building SF": " 95,386 ", "Acreage": null, "NCES School ID": "510126001843", "State School ID": "VA-029-0290400", "NCES District ID": "5101260", "State District ID": "VA-029", "NCES School Name": "White Oaks Elementary", "NCES Street Address": "6130 Shiplett Blvd", "NCES City": "Burke", "NCES State": "VA", "NCES ZIP": "22015", "Latitude": 38.7829975, "Longitude": -77.271046, "FCPS Notes (Per Leanna's Email on 2\/20\/2026)": null, "field_23": null, "field_24": null }, "geometry": { "type": "Point", "coordinates": [ -77.271046, 38.7829975 ] } },
{ "type": "Feature", "properties": { "RFP ID": 222, "FCPS_School ID": 424, "School": "WILLOW SPRINGS ES", "Other names": null, "School Type": "Elementary Schools", "RFP": "Add Alt #2", "Region": 5, "Year Opened": "1990", "Building SF": " 122,868 ", "Acreage": null, "NCES School ID": "510126002147", "State School ID": "VA-029-0292060", "NCES District ID": "5101260", "State District ID": "VA-029", "NCES School Name": "Willow Springs Elementary", "NCES Street Address": "5400 Willow Springs School Rd", "NCES City": "Fairfax", "NCES State": "VA", "NCES ZIP": "22030", "Latitude": 38.8318662, "Longitude": -77.3790965, "FCPS Notes (Per Leanna's Email on 2\/20\/2026)": null, "field_23": null, "field_24": null }, "geometry": { "type": "Point", "coordinates": [ -77.3790965, 38.8318662 ] } },
{ "type": "Feature", "properties": { "RFP ID": 226, "FCPS_School ID": 227, "School": "WOODLAWN ES", "Other names": null, "School Type": "Elementary Schools", "RFP": "Add Alt #1", "Region": 3, "Year Opened": "1938", "Building SF": " 97,567 ", "Acreage": null, "NCES School ID": "510126000598", "State School ID": "VA-029-0290380", "NCES District ID": "5101260", "State District ID": "VA-029", "NCES School Name": "Woodlawn Elementary", "NCES Street Address": "8505 Highland Ln", "NCES City": "Alexandria", "NCES State": "VA", "NCES ZIP": "22309", "Latitude": 38.7260511, "Longitude": -77.1185275, "FCPS Notes (Per Leanna's Email on 2\/20\/2026)": null, "field_23": null, "field_24": null }, "geometry": { "type": "Point", "coordinates": [ -77.1185275, 38.7260511 ] } }
]
}
